374.34,399.84,358.54,421.05,435.67,443.33,432.69,431.66,399.47,408.62,493.89,502.01,436.25,434.39,464.2,508.65,653.92,515,541.74,481.58,500,466.97,495.87,516.24,589.17,601.47,517.73,557.36,1429.7,1568.7,4610.3,4681.8,7597.4,7132.1,3763.5,1947.3,1373.6,1140.4,1131.7,1072.9,2558.8,6272,8497.2,9805.1,5456.2,3218.6,1756.6,1533.5,1278.2,1198.1,1055.9,1175,4189.4,7467.9,8717.5,11653,11394,5517.6,3523.2,2286.5,1817.9,1476.9,1234.3,968.89,1044.1,2517.2,5709.9,11837,8360.6,11073,14506,12671,5937.8,3202.3,2587.5,2201.9,1880.2,1313.2,1106.3,1167.1,1848.6,7885.2,9621.7,11476,9671.1,11005,16737,13224,6743,3186.6,2744.9,2592.6,2052.7,1355.3,1120.3,1141.5,1202.8,8627.8,12068,15647,12342,9594.2,10971,19601,15896,9035.9,3933.1,3474.5,2603.1,2150.7,1697.7,1590.7,1343.6,1287.6,6514.7,13332,13776,14199,9972.5,10848,21464,22703,14756,9237,4331.3,3359,2592.1,2385,1760.8,1422.9,1641.8,1718.8,4023.9,18007,21661,12547,12612,9140.2,11811,22026,21065,12982,6505.8,4163.8,3652.8,2603.3,2081.7,1759.3,1661.3,1528.1,1734.6,3070.9,14050,30984,18178,14471,10997,11846,18984,22128,15572,8971.9,4551.1,3482.6,2868.1,2055.4,2134.1,1834.7,1715.2,1433.5,1597.3,7514.2,10557,33224,17657,13321,11243,14555,23511,19251,12325,6100.2,4805.4,3310.7,2721.2,2272.5,2311.4,1956.4,1626,1377.2,1687,3182.1,4817.1,16255,25465,20254,16256,16458,24482,16747,11207,6496.1,4029.8,3375.3,2701.4,2263.3,2332.9,2051,1746.6,1380.4,1232,1392.5,1112.3,1168.2,1006,993.26,815.66,763.79,727.81,679.28,641.85,639.74,541.4,490.11,474.48,428.06,476.48,462.45,480.14,501.02,462.06,409.26,390.37,478.74,541.34,510.09,498.44,409.92,504.57,499.63,534.97,549.94,467.38,455.77,478.82,482.24,512.97,481.06,451.05,466.66,515.21,532.99,647.77,651.56,675.12,659.23,714.52,812.59,703.76,820.07,836.28,818.5,781.16,756.66,810.16,779.65,818.32,760.67,690.87,790.08,732.15,662.39,572.11,651.71,590.76,597.16,554.89,510.91,506.89,513.04,523.68,428.43,448.32,486.66,527.04,480.82,526.44,443.28,472.58,471.01,407.5,455.34,419.39,411.4,416.49,368.79,382.77,374.06,348.26,360.86,393.97,6
819.16,709.96,700.63,751.33,701.23,2440,10079,22431,15600,10010,5868.5,3523.2,3125,3057.1,5392.1,17752,19171,10892,6707.3,4066.9,3224.8,2786.5,3026.8,3204.2,3688.1,3336.3,2928.8,2380.8,2421.2,2035.5,1991.2,1580.2,1571,1377.6,1186.6,1291.8,1244.1,1144.8,1068.8,897.33,1144.5,986,981.56,944.65,894.25,810.25,779.17,775.86,799.55,832.11,827.65,5168.1,19778,15179,10308,5842.3,3226.7,2712.5,2514.3,2531.7,3771.3,15117,16855,10652,6448.9,4045.4,2775.8,2643.4,2281.4,2211,1908.4,1758.6,2005.1,2873.7,2757.2,2713.1,2362.2,1989.6,2148.1,1941.8,1768.3,1467.7,1490,1397.9,1210.2,1171.6,1094.2,1105.6,1061.1,1005.9,839.33,971.76,878.98,905.91,863.99,805.05,717.08,774.18,1452.1,13192,19146,13167,7532,4421.4,3383.5,7039.1,18309,19393,13762,7434.1,4428.6,3800.8,3313.6,2875.8,2769.3,2591.1,1989.8,1822,1659.1,2688.5,3067.1,3110.1,2421.6,2276.6,2080.6,2046.5,1787.4,1576.3,1538.5,1312.2,1291.5,1113.1,1218.7,1249.5,1122.5,1272.1,1029.8,970.55,1058.8,1041,860.06,918.7,895,850.4,822.61,822.72,778.3,810.1,815.55,874.14,772.09,967.74,1608.1,10899,16736,12373,8301.6,4418.2,3042.8,2975.7,3073.6,10700,20758,14949,9996.7,6089.9,4603.9,5140.7,3978.1,3790.6,3575.1,3371.5,2854.6,2679.6,2467.8,2263.6,1986.7,2250.9,3467.8,3558.9,3876,5079.5,5691.6,7176.9,5680.6,5356.5,4828.8,5372.8,4725.2,4189.9,3895.8,3720.9,3388.2,3588.4,3491.4,3039.5,3003.3,3266.8,2843.8,2786.6,2932.9,3163,2723.1,2375.7,2163,1813.4,1666.9,1695.7,1776.1,1630.4,2295.3,3264.4,3298.4,3354,2868.9,2455.3,2493.7,2103.3,1739.9,1742,1571,1420.1,1342.1,1346.9,1347.4,1130.5,1081.6,1051.7,1072,1016.6,1020.5,1015.7,1007.4,942.03,855,1024.4,1213.7,1313.1,1240.8,1441.6,1165.1,1111.1,1064.1,1262.2,1350.9,1184.1,1379.3,1268.8,1343,1649.3,2912,3267.1,3241.5,2938.1,2481,2408.5,2532.6,2264.5,1833,1843.3,1654.2,1390.3,1530,1462.5,1297.1,1241.8,1095.1,1121.6,1286.1,1189.3,1111.9,1091.7,998.71,909.62,808.25,1136.6,7959.6,20158,15457,7972.2,5127.1,3647.6,3107.5,5645,22063,19699,11431,6410.2,4509.7,4492.3,4651,4443.3,3870.9,3748.2,3134.6,2975,2643.1,2599.5,2211,2137.5,1941.6,6
2237.3,2046.5,1849.3,2237.8,2045.3,2156.9,1990.6,2187.5,2093.3,1824.2,2214.7,2091.3,2062.7,1672.5,2068.3,2189.3,2039.5,1785.5,1863.1,2038.7,1840.2,1637.4,2019.2,2135.5,2098,1619.1,1602.1,2064.4,2007.5,2185.7,1947.5,1896.2,1783.7,1998.7,2029.6,1938.2,2216.3,1927.3,1803.9,1975.2,2144.5,2610,6108,7970.2,7428.3,8961.1,9948.4,8756.3,7827.9,7990.1,8292.1,9497.4,7981.5,7376.1,5655.6,4428.3,3899.3,3056.3,3382.3,2675.2,2457,2328,2118,2265,2266.9,2386.7,2189.4,1970.9,1784.8,1859.4,1863.1,2069.9,2067.8,1682.3,1663.4,1753.9,1756.4,1828.1,1769.7,2066.7,1808,1460.9,1513.5,1846.7,1893.5,1834.6,2198.5,2088.6,1501,1632.5,1828.1,1646.5,1717.9,2049.8,1733.4,1686.2,1520.3,1562,1530.1,1712.5,1821.1,1917.5,1635.2,1836.3,1772.5,1778.4,1816.9,1422.9,1935.8,1547.1,1569.1,1536,1733.5,1608.2,1656.9,2027.1,2018.6,2784.5,5391.9,8166.2,6835.2,11926,15078,7239.5,11539,15198,10071,11812,17162,13768,9807.1,12844,10726,8670.4,10845,8004.4,5466.8,3809.7,3381.4,3078.4,2549.3,2253.9,2359.6,2510.1,5999.6,5039.3,10650,9771.7,9617.6,5504.1,4909.8,3697.1,3409.2,2702.2,2363.6,2344.1,1961.2,2049.5,2208.1,2147.2,2006.5,1835.5,1755.8,1659.4,2050.3,2123.1,2078.4,1573.4,1759.7,1998,1540.2,1750.2,1927,2011.3,1815,1659.1,1666.3,1788.3,1830.8,2043.6,1683.9,1498.3,1567.4,1627,1747.5,1768.8,2049.4,2284.6,1757.7,1784.8,1642.4,1723.3,2040.4,1881.4,2216.4,1999.6,2055.7,1796.9,1879.6,1702.2,1678.5,1969,2135.1,1745.8,1794.6,1684.8,1825.3,1585.4,1949.4,1843.1,1714.8,1541.1,1633.7,1653.8,1395.8,1827.8,1966.7,1990.6,1844.8,1806.9,2081.3,1986.7,3201.3,5348.1,5796.6,5129.9,6946.9,5405.9,4222.4,3784.5,3886,3179.5,2462.3,2313.8,2459.8,3681.8,5064.7,8597.1,10234,9679.6,8018.8,4924.2,6929.2,7973.2,8327.4,8023.8,6826.4,5663.4,4940.2,4421.3,3675.4,3195.8,3033.3,2767.8,2446.6,2495.9,2234.4,2194.6,3284.5,6305.5,8819.7,10232,9852.3,8227.6,8618.8,9634.3,10185,12149,9734.8,14661,15367,15048,14490,16321,16825,18680,20727,18610,18636,18269,14193,14032,14334,16002,14233,11739,9186.4,6729.9,4839.3,4325.2,5472.5,7140.4,9365.9,10534,10229,9097.1,10604,11335,10159,6467.8,5285,6
406.84,381.83,377.35,374.28,409.42,378.44,361.6,366.94,350.98,389.17,435.13,389.87,400.08,393.38,361.93,385,374.74,354.26,425.96,402.29,367.86,369.73,385.16,375.17,357.22,373.66,405.71,370.77,358.69,382.36,356.05,417.43,384.5,376.24,352.55,382.8,378.83,410.14,410.31,395.72,402.26,384.09,415.63,388.76,412.61,424.88,389.43,448.47,382.65,387.48,355.75,337.74,363.11,375.6,363.6,373.46,396.4,428.38,444.66,402.65,400.05,369.06,435.8,424.6,412.46,384.64,416.18,406.88,434.54,458.87,460.7,423.35,421.49,407.36,470.51,433.91,430.05,399.65,427.24,420.79,395.56,416.25,352.96,361.24,411.4,414.24,410.36,410.51,383.81,368.12,402.72,368.85,379.92,398.88,365.2,430.61,400.57,405.91,374.71,398.96,419.9,414.12,440.42,404.4,424.67,397.34,346.98,381.81,445.4,375.49,395.71,388.35,396.75,384.43,408.52,432.14,436.02,415.04,400.28,419.19,434.45,429.14,401.39,395.8,425.2,381.53,386.3,428.24,413.83,451.66,465.7,365.31,378.45,407.41,395.15,392.04,386.32,411.41,409.02,404.98,394.65,360.4,417.28,408.56,400.58,404.27,370.3,395.48,364.86,405.13,394.61,424.19,419.49,415.65,423.17,460.89,414.97,380.61,347.83,396.56,402.1,389.1,353.46,376.31,418.01,382.31,428.84,357.77,406.24,402.7,426.39,379.75,335.48,386.29,368.73,415,411.14,398.67,424.21,352.26,395.86,376.73,390.09,378.56,386.69,380.73,365.33,371.57,366.94,343.78,332.73,358,405.92,361.27,400.95,358.01,351.21,363.35,356.22,365.66,362.25,383.54,394.94,379.49,405.16,377.45,374.61,400.09,348.76,337.79,372.55,393.64,370.34,385.64,379.6,348.98,363.6,381.08,367.63,354.93,402.94,415.01,376.74,377.96,365,394.34,402.81,357.11,388.07,401.84,430.85,412.42,439.02,376.89,346.27,381.43,393,421.35,387.83,396.2,357.19,381.8,393.7,547.6,506.14,411.45,396.35,341.26,401.11,421.6,382.53,388.17,358.02,399.06,367.03,348.12,347.88,408.31,386.81,389.44,366.25,352.19,383.9,379.69,358.14,420.54,393.07,390.95,410.47,404.01,403.69,371.91,355.63,362.64,398.97,381.1,388.75,350.2,360.81,367.31,398.35,413.9,352.92,383.39,383.6,353.01,369.02,370.74,379.31,370.89,358.33,355.56,385.6,342.32,366.12,362.2,356.3,377.37,341.36,356.6,403.2,6
856.47,1014.9,897.01,918.54,854.09,760.58,788.15,674.85,708.42,1224.4,3005.9,4578.3,5356.8,5293.3,3078.4,1637.1,1160,1160.4,1020,1010.1,1080.3,4085.7,5889.7,5750,6504.2,8705.5,7882,6275.7,5509.3,3225.9,1965.3,2032.9,1789.3,1653.4,2025.9,1784,1604.3,1732.7,3601.9,7392.8,7083.3,7537.4,9268.6,8104.9,7725,6999.3,7064.7,6739.1,6047.8,6911.4,7899.6,8815.4,9216,5451.3,2812.7,2067.1,2047.1,1568.8,1561.1,1350,1382.6,1412.3,963.31,850.87,918.74,6061.7,10366,9384.9,8482.4,6690.9,4095.2,4010.9,4894.2,6119.4,6255.8,5222.6,5789.8,6779,8796.1,10175,6679.3,5974.5,9987.8,10882,6978.7,3575.4,2570.9,2148.7,2181.1,1883.3,1793.6,2053.2,1927,1586.7,1677.6,1542.3,1370.2,1784.5,9992.8,10561,11437,8386.1,6108.2,5637,6435.5,6199.4,5606.5,5918.9,6128.8,5947.3,6737.4,7681.3,8532.3,12548,9423.4,11313,11492,6223.4,3653.5,3101.3,2989.8,2844.5,2766.5,2151.3,2059.9,1962.7,1897.8,1769.5,1585.5,1625.3,1571.9,1312.3,1951.4,5874.5,4878.1,10536,11418,9033.4,8140.3,7473.4,7196.2,8251.2,7609.6,8425,8528.8,9146.1,10743,12900,11509,9822.8,12161,5605.4,3699.9,2959.4,2687.9,2689.3,2430.7,2126.1,2098.8,1883.9,1711,1909.4,1378,1296.9,1286.3,1107,916.71,1070.9,1064.6,1028.4,1036,1017.4,987.56,861.39,830.18,915.47,749.37,773.55,804.57,822.67,918.18,991.26,1124,1135.9,889.35,1002.9,1041.2,1097.6,1170.9,1194.6,1071.2,932.92,970.05,1008.3,1017.4,1116,1045.4,938.72,1041.9,972.18,986.59,1127.5,946.65,1109.5,1159.3,1370.6,1273.7,1588.7,1264,1390.5,1586.4,1275.5,1290.4,1462.8,1173.4,1115.5,1363.5,1076.7,1054.3,1163.3,970.92,1103.9,749.96,697.95,655.16,599.77,664.47,673.05,672.47,644.76,691.27,706.15,778.51,781.82,780.82,868.85,832.3,866.95,767.56,917.43,881.84,843.44,890.3,834.8,945.29,988.93,853.66,904.82,981.34,848.5,850.6,775.14,1083.7,1760.6,1095.2,920.45,884.25,874.46,871.06,1034,1020.3,1040.9,969.3,1192.2,1139,1048.7,1049.8,1361.9,1241.7,1443.3,1301.9,1186.4,1219.9,1509.2,1314.4,1154.8,1315.8,1286.7,1146.5,1289.6,1331.9,1066.7,1212.4,1174,999.13,1254,1218.9,1123.1,1052.5,1250.2,1081.1,789.87,884.96,852.63,981.61,911.28,879.25,825.07,838.6,840.59,848.52,6
1051,2067.2,1604.8,1123.2,2342,2104.2,1443.8,1002.5,853.89,752.65,783.59,737.63,643.28,689.7,673.96,672.32,632.72,807.13,950.58,934.55,1045.6,1031.7,1462.3,1359.4,1075.3,2360.4,1518.5,1268.7,847.53,685.37,701.64,731.11,675.87,531.17,678.54,630.3,653.81,803.25,895.1,1276.1,977.46,1455.6,1970.9,1300.3,1042.9,860.27,1254.4,850.98,693.86,662.91,639.9,680.93,780.41,988.57,1144.5,1129.1,1124,2033.8,1363.3,941.45,840.42,709.26,714.06,643.51,712.59,753.83,802.63,1082,1185.6,1014.8,1743.3,1190.4,836.1,673.2,617.54,497.41,714.91,1120.3,1056.6,1211.3,1002.5,1802.9,1452.2,899.54,787.29,671.16,589.21,593.9,738.37,888.08,971.46,1306.9,1397.6,1010,754.12,565.45,556.67,585.13,728.65,1090.7,805.33,1500.4,940.54,826.54,582.42,528.07,552.9,688.4,1027.8,916.01,1611.4,818.78,700.35,565.86,499.56,662.82,1089,952.54,1820.7,990.15,844.58,634.74,673.17,930.1,1208.7,1761.5,1264.3,925.03,662.86,610.61,816.49,1057.7,1282.7,1648,946.89,840.25,728.45,895.12,1493.2,1695.5,1621.8,930.62,879.85,926.77,1067.5,1566.2,2790,3110.9,1331.2,1080.2,949.63,1452.1,1519.2,2173.1,1293.6,1020,707.34,1062.3,1464.4,2166,1191.7,798.06,660.52,1020.2,1582.5,1990.3,1276.3,786.97,721.05,967.66,1498,1938.3,1146.5,925.5,685.03,969.38,1660,2139.5,1522.8,1282.1,1006.5,1635.2,1883.7,1797.2,1174.5,922.54,1025.8,1693.1,2273.9,1347.3,977.49,891.52,1298.6,1754.4,1733.6,1031.5,841.1,875.34,1689.8,2228.3,1020.2,877.92,848.22,1579.6,2147.8,1497,879.26,869.27,1409.3,2284.8,1508.9,964.5,760.54,1364.8,2110,1508.3,1089.6,714.53,1383.8,2296,1314.3,1092.1,1156.3,1893.5,1932.8,1201.3,975.3,923.04,1796.8,1616.4,1084.5,865.73,1149.5,2003.8,1321,874.22,794.05,1473.2,1776.9,976.73,800.98,892.27,1633.7,1060.6,704.87,650.02,1150.8,1342.5,761.07,618.69,908.39,1468.1,891.08,632.44,673.6,1298.2,1169.2,667.37,618.59,838.16,1223.6,826.57,549.59,589.15,1054.8,1104.8,633.35,653.51,808.85,930.48,689.93,552.65,544.32,856.23,1101.6,732.63,580.34,559.11,542.61,670.54,641.73,477.51,473.94,458.89,495.05,414.23,379.25,405.44,412.63,331.84,372.75,388.13,340.8,329.92,367.3,305.67,495.57,482.27,374.77,341.39,389.86,10
2344.3,2258,2723.2,2021.6,2096.6,1975,1990.1,1933.5,1857.7,1799.1,1855.2,1855.7,1893.1,1767,2054.2,2308.1,2173.9,2109,2296.8,2268,2287.2,2320,2109,2088.6,2111.3,2028.5,2228.9,2177,2252.4,3354.8,5105,7899.4,7937.6,8078.3,8703.7,8800.6,10217,10028,9471.7,9602.7,7308.5,6723.7,4719.7,4983.2,4427.4,4568.5,3734.7,3900.8,3295.8,3047.6,2995.3,2933.9,2972.2,2611.5,2391.5,2496.5,2175.4,2162.1,2318.4,2851.8,2593.1,2198.1,2223.4,2227.3,2110.8,2006.8,2339.4,2057.2,1792.1,1940.1,2042,2189.2,2082.2,2061.7,2118.3,2506.6,3058.7,3069.1,2724,2401.1,2618.8,2504.6,2361.3,1939.6,2251.9,2845.9,3676.1,3394.9,3559.6,3860,3355.5,3461.5,3853.4,3453,3623.8,4163.3,6250.7,8444.9,8075.2,8146.6,8938.2,8027.7,9387.4,8775.8,8546.1,5391.3,4093.7,3505.9,3231.1,3195.5,3243.8,3432,3099.7,3015.4,2592.4,2517.6,2517,2570.5,2531.5,2656.2,2651.2,2245.8,2290.2,2397.8,2199.2,2365.7,2362.2,2039,2220.8,2056.7,2079.4,1989.9,1995.9,1664.1,1989.5,2745.3,4241,4340.9,4066.2,4264.6,4766.2,4933.2,4365.7,4494,4238.3,4509.8,2597.6,2329.1,3630.8,5698.7,5750.4,5115.6,5547.1,6087.7,6529.1,6306.8,5945,5967,5356.6,2643.3,2427.4,2570.4,2101.6,2006.3,2003.4,2264.2,2277.5,2057.9,2467.7,2393.1,2548.1,2072.7,2284,1867.3,1987.6,2058.3,1919.2,1799.2,1648.5,2148.7,1887.2,1952.9,2228.9,2086.6,2885.3,13306,16938,16282,16717,16799,15589,12875,12221,11020,9898.5,7953.4,8335.1,7725.6,6823.5,6580.7,5713.2,4767.8,5233,5305,7159.7,7812.7,6935,9813.1,8154.8,6913.1,6908.6,6814.2,7372.5,6681.2,5834.4,4716.9,3175.2,3006.6,2975.9,2709.6,2927.8,2953.5,2627.4,2836.3,2667.5,2953.4,2296.8,2355.9,2219.5,1982.8,2051.6,2009.3,2089.3,2257.2,2102.9,1766.9,2271.6,2384.7,2338.9,3048,3192.3,2688.7,2771.5,2314.9,2113.5,2360.4,1877.4,2299.4,2216.3,2027.8,1897.8,2315.6,2513.2,2351.7,2295,2328.4,2502.8,2378.5,3328.9,3159.9,3150.5,4481.5,5287.8,6850.6,6085.1,6190.5,7914.6,6555.7,7381.1,6596.5,6333.4,6210.8,5883.2,3938.4,3344.9,3059.5,2858.8,2734.8,2742.6,2843.4,2754,2657.6,2888.6,2540.3,2762,2413.8,3064.2,2579,2205,1834.1,1991.5,1693.1,1840.1,1587.9,1696,1509.5,1650.6,1631.1,1498,1586,1644.5,10
2903.5,2297.2,3323.1,5763.5,4479.2,6324,5604.9,3465.9,2924.8,2457.9,3251.7,6548,4223.1,7306,4772.7,3051.2,2511.7,2319.6,4160.3,6143.3,5144.9,6401.1,3533.4,2732.2,2680.7,4006,7370.1,4978.8,7299.6,3806.6,2774.4,2655.1,4318.6,7553.3,6386.3,5059.8,2818.4,2496.2,2608.9,6811.7,5023.9,6951.7,3808.9,2950.7,2549.1,4050.7,7396.3,5882.1,4558.7,2934.8,2858.9,2592.1,6796.3,5450.4,6732.4,3774.9,2983.2,2657.4,6034.3,6673.3,7936.5,4524.9,2819.4,2517.7,5360.4,6582,8427.4,4670,3087.8,2820.2,5972.9,6953.5,9063,4446.8,3162.1,2813.3,5702.9,6953.9,8222.7,4449.4,3075.5,3275.3,6242.6,7551.8,8452.8,4054.9,2873.5,3038.8,7491.9,10829,7395.9,3698.9,3579.5,4989.9,8163.2,9672.3,4675.7,3719.4,3187.2,6983.8,10534,6291.6,3813,3463.6,6040.2,9933.3,8287.7,3959.3,3451.5,3548.2,8065,9239.4,4592,3606.1,3284.4,7526.4,9188.6,5200.9,3877.7,3393.8,6120.5,10096,6735.7,4016.7,3536.3,5002.4,9205.1,5771.4,3760,3185.7,4720.7,8484.1,6311.5,3290.4,3256.6,4487.2,9156.9,6267.9,3476,3231.9,4724.5,8528.8,6104.3,3225,3025.6,5066.7,7596.4,4744.7,3253,2651.5,5533.2,6735.2,3535.8,2984.9,2445.6,5231.9,5411.7,3278,2559.5,3274.1,5728.2,4027.8,2465.4,2008.8,3869.4,5221.2,3300.2,2364.7,2412.6,5247.1,4545.6,2993.8,2227.7,3076,5090.6,3596.1,2486.8,2145.8,3609,4973.8,3446.7,2431.4,2075.2,3992.5,4257.3,2714.7,2080.5,2646.3,4242.9,3801.6,2369.5,2131.8,3164.9,4331,3249.2,1972.9,2006.3,3233.6,4219.2,2653.3,1951.4,2253.5,3746.1,3749.6,2168,2034.5,2605.1,4192.2,3214.4,1987.1,1835.3,2792.7,4084.9,2716.2,1711.1,1751.7,2812.3,3793.7,2270.8,1520.9,1589.4,2066.7,3099.1,2218,1598.4,1581.2,1375.5,1530.4,1312.4,1364,1402.4,1512.4,1496.1,1402.1,1520.3,1415.1,1533.1,1565.6,1357,1426.2,1514.1,1513.9,1444.5,1421.2,1458.8,1323.4,1263.8,1198.4,1378.9,1451.2,1531.1,1474.1,1373.2,1372.4,1311.7,1161.6,1253.1,1191.3,1332.1,1424.2,1542.9,1421.5,1305.9,1601.4,1580.9,1593.2,1363.3,1317.4,1626.6,1960.1,1958.3,1768.9,1628,1373.9,1413.1,1581.8,1509.6,1577.7,1448.2,1645.2,1445.2,1293.1,1324.8,1513,1300.8,1210.1,1296.6,1081,1046.8,1036,943.08,1086.7,1024.3,1196.4,1275,1289.8,1326.6,1254.7,1126.9,1191.9,1315.3,10
1681.1,1877.7,1680.1,1730.1,1730.6,1797.7,1733,1845,1822.6,1836.8,1914.4,1673.4,1933.7,1793.1,1953.9,1790.8,2120.3,1707.2,1962.1,1949,2163.6,1969.7,2182.1,2025.4,2167.5,2162.5,2884.1,3667.2,4157.4,4156,5200.9,4349.6,4140.6,5054.3,5243.1,4957.4,5144.5,4425.5,4705.4,5938.1,5232.5,4678.7,3921.8,3291.5,3306.9,3197.6,3310.9,5059.6,5647.5,5868.4,5235.1,4811.8,4939.8,4759.2,6063.4,5509.4,5485.9,4701.1,4318,4292.3,4995.4,6775.5,6711.7,6956.9,6571.9,5923.9,6658.9,7028.6,6573.9,5542.6,3645.8,3386.1,3033,3101.6,2844.7,4641.8,4940.4,4856,6300.2,8456.3,9804.8,8718.5,7216.8,6463.8,5476.5,4141.3,4030.8,3414.7,3565.2,3015.4,2546.8,2638.1,2511.5,2506.8,2426.6,2584,2648.8,2236.9,2272,2352.5,2300.5,2414.4,2989.2,3114.9,2871.8,2573.2,2240.9,2088.6,2296.4,2053.4,2293.3,1941.8,2061.4,2378.6,2238.9,2063.7,2172.2,1993.1,1855.2,1891.5,1969.1,2112.3,1894.8,2231.6,2102.7,2166.3,2494.5,2590.7,2674.9,3225.7,3835.7,4436.5,5589.4,6205.3,7167.9,9480.8,8440.2,7087.8,5863.5,5828.2,5311.5,5676.8,5370.2,5356.7,5618.1,6217.2,5953.2,5496.3,4949.8,5388.1,5237.9,5379.4,4720,5258.7,5096.8,5351.1,4611.1,4559.6,4771.1,4461.3,4479.8,4542.5,3192.2,2556.3,2234.4,2019.3,2108,1931.9,1889.6,2374.9,2117.4,2169.3,1985.6,2186.8,2071.4,2245.4,2079.9,1941.2,2002.3,1845,2030.7,2289.2,2230.8,2376,2418.3,2172.6,2395.5,2215.4,2231.7,2498.4,2187.5,1962.7,2112.3,1974.8,2142,2057.6,2462.5,3301.8,3508.4,2707.1,2505.1,2533.1,2287.9,2347.7,2113.9,2155.3,2194.6,2224.3,2012.1,2299.2,1856.1,2078.1,2242.5,2150.7,2158.5,2157.6,2049.4,2306.9,2239.6,2743.4,2782.1,2874.2,3013.4,2408.4,2595.4,2348.3,2219.5,2618.8,2907.4,2308.6,2370.8,2352.8,2359,2272.9,2326.3,2233.8,2513.1,2251.2,2158.3,2050,2251.1,1983,2008.4,2301.6,2045,2311.4,2259.3,2224,2228.1,2217.1,2400.7,2398.6,2481.2,2492.7,2547.1,2434.2,2836.3,2573.2,2895,2470,2184.2,2244.6,1970.4,2505.1,2325.1,2548.6,2283.7,2453.3,2173.8,2310.6,2349.5,2268.3,1969.6,2015.1,1810.3,1777.1,1768.6,1499,1669.1,1628.5,1654,1515.9,1593.7,1472.1,1557.3,1670,1466.5,1541.6,1422.1,1399.7,1504.1,1707.9,1995.7,1906.5,1911.6,1875.2,1860.4,1945.8,3035.4,2502.9,2034.3,10
1204.3,1181.2,1114.2,1108.6,1281,1078.1,1317.6,1255.2,1387.1,1241.1,1216.2,1085.2,1278.1,1167.5,1450.2,1604.9,1382.1,1439,1139.5,1344.7,1427.9,1832.1,2098.7,2383.7,3376.2,4179.4,3887.9,4642.3,4953.9,4587.4,5557.2,5721.1,6028.7,7064.4,6816.4,7714.9,6552.4,3153,1861.4,1426,1392.6,1301.8,1241.1,1258.7,1235.4,1275.8,1400.6,2303.6,1721.2,1607,2604.2,3818.9,4761.9,5655.4,5758.5,6201.3,6299.3,7171.5,7651.8,8683.1,7897.3,8163.5,9758.7,9869.9,5226.1,2241.3,1834.1,1827.5,1658.4,1825.6,1572.5,1442.6,1533.1,1438.8,1454.8,1447.5,2925,4656.2,5161.8,6359.2,7453.1,7535.7,7958.5,7856.1,8980.4,8731.4,10247,11190,11698,6988.8,2732.3,2361.6,2067.8,1756.5,1768.9,1772.9,1969.9,2356.1,2462.2,9759.7,19622,17926,14411,18881,13711,5981,4954.2,3791,3506.9,7795.2,18818,29066,23492,20465,9003.4,4290.5,3816.5,3447,2941.2,7421,23060,37509,20657,14948,7183.8,4187.7,3986.7,4105.8,3270.7,4003.3,14384,28353,22101,17632,10627,5170.3,4490,3873.2,3335.6,4302,14966,29652,24987,20488,9698.7,6414.6,5611.7,4464.3,4000.2,9471.5,25698,39646,28298,20511,8882.1,5088,5007.7,4275.4,4242.3,4473.8,9092.9,18474,33897,23667,17484,6933.4,6707.2,5161.1,4948.9,4289.2,4413.6,6688,17674,32712,23420,15770,7451,6087.1,5530.6,5291.8,4793.5,4863.9,4802.1,3851.7,4486.2,3627.6,5844.1,11315,17790,14824,12863,6728.6,3914.2,2888.8,2515.5,2125.3,2223.7,2514.4,2226.9,2341.9,1696.9,1758.2,1703.9,1773.1,1611.7,1536.3,1594.3,1449.5,1335.7,1409,1248,1259.6,1311.9,1221.4,1172.3,1098.7,1158.5,1129.2,1213.9,1135.1,1229.8,1273.3,1171.6,1167.4,1226.6,1347.8,1384.9,1309.7,1195.5,1206.4,1184.6,1103.3,1167,999.11,927.12,1064.5,954,1001.6,928.78,993.14,1061.3,1008,1086.9,976.4,1007.6,1065.5,1158.9,1173.7,1280.5,1309.1,1469.1,1347.5,1495.2,1400.4,1693.1,1545.2,1681,1658.5,1717.4,1942.7,1770.4,1805.5,1794.5,1793.6,1463.5,1534.9,1538.1,1394.2,1433,1314.1,1256.5,1253.2,1250.1,1276.1,1291.3,1177.7,1125.3,1251.4,1218.7,1289.5,1219.1,1167.6,1197.8,1164.1,1198.9,1233.6,1173.8,1111.6,1335.6,1137.5,1214.3,1057.1,1210.8,1027.1,1229.8,1114.2,1292.8,1251.2,1157.7,1079.7,1108.3,10
1843.8,1907.6,2121.9,1949.2,2157.2,1943.5,1945,1908.4,1714.9,1708.5,1893.7,1922.7,1830.4,1657.2,1796.3,1852,1791.2,1892.9,1983.6,1978.3,2020,2129.7,2075.5,2069.3,1984.4,1848.2,1908.6,1863.7,1974.8,2021.6,1952.1,2068.9,1804.2,1587.1,1975,1774.9,1735.6,1634.4,1640,1792.8,1845.7,1849.4,2074.6,1947.4,1929.4,1894.3,2318.8,1818.5,1961.4,1822.5,2442,3493.5,3325.8,4132.9,3619.3,3733.2,4038.4,4550.2,4818.3,4759.7,3967.1,2899.3,2677.4,2738.3,2753.5,3495.3,3510.4,3544.4,3152.1,3202.5,2759,2958.3,2834.9,2583.5,2771,2489.8,2520.4,2529.5,2422,2523.8,2272.1,2393.9,2316.5,2226.6,2071,2161.8,2061.3,2215.6,2138.2,2391.1,2911.1,4103.4,4466.6,4262.8,3958,4883.4,4190.4,4245.4,3983.4,3633,3593.3,3830.8,3222.9,2961.7,2895.3,2895.8,2726.4,2548.6,2356.2,2305.9,2378.7,2439.1,2382.7,2172.1,2490,2740.5,2592.6,2562.7,2228.3,2244.3,2311.6,2434.7,2193.9,2042.2,2926.6,3644.2,4600.4,4699.9,4461.2,5212.2,4856.7,5288.3,5660.6,4847,4558.7,4256.4,3855.5,3653,3568.9,3119.5,2930.2,3221.9,3170.2,2818.5,2927.5,2485.9,2667.6,2488.3,2219.8,2248.5,2165.8,2283.1,2362.3,2273.5,2195.3,2295,2449.8,2646.3,3361.4,3793.4,4056.2,4463.9,4580.8,5307.9,5271.2,4802.6,4910.4,4524,4352.4,3433.1,3059.1,3458.8,3185.2,3645.6,3563.5,3615.7,3232.4,2920.8,2899.8,2948.9,2949.5,2580.9,2538.4,2654.2,2693.9,2506.5,2601.5,2562.1,2570.4,2424.9,3044.6,3986,4521.7,4387.8,4770.5,4812.3,5109.4,4386.5,4236.2,4273.4,3825.7,3205.9,3069.2,3004.3,3192.2,2827.4,3161.7,2912,2666.3,2277.4,2657.4,2679.8,2661.9,2457.8,2564.4,2622.9,2639.4,2680.2,2610.9,2662.3,2434,2686.4,2982.1,2641,2978.3,3371,4278.2,4437.8,4094,4670.9,4807.9,4424.2,4310.4,4922.9,3345,3164.1,3589.1,2954.7,3376.4,3355.1,2716.7,2717.1,2484,2536.4,2563.8,2395.7,2239.4,2224.4,2531.2,2263.5,2206.9,2104.8,2246.5,2096.5,1902,1918.2,1977.8,2126.9,1985.8,1941.6,1872.2,1765.1,2100.7,2006.8,1817,2121.2,1974.9,2059.3,2013.5,1749,1827.4,1880.6,1979.9,1891.7,1860.7,1828.1,1770,2012.6,1721.4,1928,2050.4,1817.4,1665.4,1934,1906.8,1852.3,1968.3,1985,1935.2,1878.2,1953.4,2093.4,1995.7,2143.3,2099.2,2101,2037.6,2001.7,1823.1,1859.8,1773.8,11
771.64,975.76,903.95,783.13,775.86,701.59,714.55,737.18,726.08,745.96,774.72,759.52,770.36,717.53,752.44,785.82,671.38,776.82,779.41,697.1,679.88,636.1,775.04,802.66,832.25,772.25,788.98,832.99,763.21,798.36,824.64,905.27,878.66,757.93,822.59,867.06,791.84,827.37,748.13,885.61,691.24,656.58,794.28,761.61,690.92,770.5,806.19,775.07,691.67,717.81,739.03,796.08,790.3,753.1,710.14,749.91,682.69,675.16,709.37,719.21,783.97,733.51,734.41,722.94,744.75,777.92,894.81,705.89,665.33,788.43,781.81,796.87,668.74,793.51,723.49,764.48,863.89,871.43,786.3,847.26,804.05,1053.6,832.62,848.6,1103,1375.8,1256.2,2402.7,2612.7,2121.7,2673.4,2329.7,1910,2038.2,1859.8,1394.8,1297.3,1315,1379.7,1342.7,1591.8,1666.4,1740.7,1181.7,1243,1346.4,1199,1007.3,992.47,992.73,1073.2,1102.6,1035.2,869.91,818.37,738.59,904.18,823.93,811.15,903.92,873.18,876.54,803.24,852.15,837.37,816.1,922.39,1100.1,1017.3,1224.7,1469.2,1088.1,2022,2752.2,2674.5,2100.6,2782.7,2410.1,2260.3,1742.8,2036.6,2086.8,2146.8,2172.5,1418.1,1144.7,1140.8,1107.9,1150.5,1126.4,1228.4,858.27,972.55,848.91,847.48,1073.6,985.06,857.46,958.88,887.47,844.57,749.36,892.35,928.91,801.74,794.8,769.53,874.29,1032.4,943.34,1105,1373.4,1366.5,1867.3,2317.6,2672.9,2398,2217.3,2321.5,2475.9,2616.7,2751.2,2498.3,1738.5,1249.7,1608.5,1194.8,1163.8,1228.8,981.8,964.47,970.41,1012.9,991.64,887.95,881.22,974.4,986.74,829.34,996.56,841.51,902.15,819.63,749.23,822.47,790.33,788.12,748.92,862.85,854.41,836.05,902.06,1011.9,1015.8,1290,1114.2,2235.4,2349.6,2358.3,2542.4,2558.7,1919.6,2828.8,2695.7,1929,1361.3,1208.8,1020.5,1281.3,1160.6,945.92,1019.6,980.06,909.81,1003.6,1020.6,927.14,847.59,979.12,1033.1,1065.9,1124.9,1194.1,1006.3,773.65,908.06,903.33,928.18,754.15,790.52,753.54,781.11,756.48,837.12,755.77,722.4,811.3,751.88,768.8,802.84,789.51,870.14,739.54,789.8,743.97,865.15,634.95,771.4,690.08,596.22,813.32,743.81,708.69,788.38,788.88,731.21,815.46,878.85,814.42,715.51,765.83,790.6,687.37,720.84,809.97,774.48,766.06,744.68,761.69,767.41,693.49,705.21,796.49,750.77,697.72,693.39,784.78,768.59,685.88,765.52,724.4,11
1823.1,1846.4,1953.3,2151.2,2042.2,1947,2041.7,2253.1,2292.7,2414.9,2180.7,2481.3,2566,2899.7,2714.7,2481.4,3091.8,3290.1,2442.4,2846.2,2912.7,2670.8,2319.4,2605.6,3185.9,3932,2859.7,2911.7,2755.3,3195.9,3074.5,3020,2537.1,2403.8,2849.3,2914.6,2447.3,2564,2219.6,2775.8,2287.1,2299.8,1987.3,1946.9,2122.9,2026.5,2212.7,2309.3,2273.5,2136.6,2013.5,2044.5,2027.7,1899.8,1977.1,1935,2127.7,1828.3,1892.6,1932.2,2092.1,1957.7,2012.6,1919.5,1995.8,1782.3,1814.8,1750,1816.2,1819.4,1887,1742.8,1875,1888.7,1725.6,1767.3,1855.5,1813.3,1849.6,2013.5,1765.7,1905.9,1977.3,2072.8,2428.7,2311.8,2644.4,2809.5,3291,3747.3,3637.6,4305.8,3041.8,3173.3,3535.4,4544.4,3662.4,3199.4,3319.4,3626.7,3324.2,3442.6,3426.1,3230,2876.3,3434.2,2323.8,2942.6,3282.7,2781,2636.4,2735.9,2843.1,2695.2,2555.2,2640.9,2455.4,2378.3,2234,2343.9,2397.9,2440.1,2389.9,2145.6,2290.1,2084.4,2032.3,2014.3,1926.4,1998.8,2079,2006.3,2068.2,2026.2,1906.3,1968.4,1856.5,1919.9,1959.2,1794.8,2049.8,2062,2041.3,1795.8,1853.9,1853.2,1822.9,1912.2,2000.5,2020.9,1981.9,2013.4,2032.9,1958.6,1906.3,1857.6,1797.2,1884.7,1841.5,1913.3,1903.4,1888.1,2147.7,1947.4,2020.4,1968.6,1772.8,1873.6,1958.4,1793.1,1865.5,1943.3,1963.7,1863.9,1830.6,1750.9,1891.6,1841.1,1688.3,1818.5,1796.8,1792.4,1751.8,2174.5,2071.7,2111,2243.4,2134.6,2043.5,1837.9,2063.5,2165.8,1907.1,2239.6,2243.7,2257.8,1997.2,2131.2,2026.8,1935.9,2065.4,1924.6,3436.3,5245.3,5710.7,5032.8,4180.2,5389.1,5561.5,4969.7,5222.7,4885.2,4732.9,5034.9,4681.4,4030.4,3775.6,3459.3,3584.5,3694.9,2889.1,2976.6,2751.4,2501.7,2450.5,2335.6,2064.8,2191.5,2122.4,2153,2079.1,1982.6,2045.4,2016.4,1957.2,2086.4,2035.1,2117.9,2090.3,1846.4,2119.4,2170.4,2002.2,1813.9,1850.5,2152.1,1933.4,2030.8,2163.8,1892.4,2176.3,2867.6,2542,2740.9,2532.9,2594.6,2403.3,2539.1,2537.9,2691.5,2530.2,2305.8,2129.1,2111,2040.7,2403.6,2164.4,2009.3,2070.5,1911.3,2229.4,1887.5,2084.9,2012.9,2052.7,2165.9,2022.6,1818,1966.1,1893.6,1834.7,2056.2,2049.5,1983.9,2045.9,1916.9,2041.9,1770.5,1953.7,1747.4,1847.2,1766.3,1811.5,1816.1,1827,1870.7,1949.2,1944.4,1877.6,2001.2,1733.3,11
4516.5,4428.7,4740.7,4763.6,5163.9,5048.5,6667.3,7059.2,7080,7652,8629.8,10248,8920.4,10490,11953,8519.5,12259,9708.6,10566,9269.8,11880,10484,9645.7,7694,6763.4,6813.2,6780.5,5545.5,5888.4,6738.5,5947.2,4970.4,5169.5,4839.8,4408.4,4932.9,4844.5,5444.9,4934.8,4883.8,4629.8,4907.2,5623.2,6673.5,8953,7630.5,7925.8,8225.4,10692,11465,10192,10436,12297,11060,13021,12657,9941.8,8533.5,7891.6,8766,7651.7,6858,6036,5068.6,5038.5,4772.8,4521,4006.2,4136.9,5002.9,4305.9,4153.6,4497.3,4169.7,4052.9,4556.9,4344.4,4383.6,4031.3,4856,4184.7,4430.5,3746.4,3536.2,3829.4,4023.2,3606.6,4178.6,3426.7,3407.9,3435.7,2908.1,2946.8,3389.8,3625.8,3561.5,3510.1,3182.9,2907.7,3092.7,3141.8,3425.4,3381.5,3252.4,3332.4,2916.7,2834.9,2826,3003,3291.2,3133.7,3064,3437.6,3881,3556.6,3075.3,3166.4,3055.8,3473.6,3533.4,2879.9,2857,2445.1,2686.2,3137.6,2622.9,3128.4,2708.8,3337.6,2732.8,2439.1,2662.2,3031,3232,2742,2667.7,2682.4,3055.8,2660.3,2578.7,2912.7,2926.7,2720.2,3263.5,3198.4,3449.7,3073.9,3071.1,3339.5,3737.3,3642.7,4124.5,3412.9,3687.4,3789.5,3553.8,4099.4,3860.7,4022,4242.5,3715,3926.5,3959.2,3643.7,3619.8,3897.7,4527.7,4507.4,4331.7,4203.9,4638.8,5161.6,4474.1,4438.3,4516.3,5596.3,4823.5,5317.4,4850.7,4784.5,4641.5,4460.9,4374.4,4213.6,4082.1,3949.1,4476.6,5117.5,4900.3,4731.6,4301,5243.2,4533,4414.8,4994.2,4475.2,4851.8,4861.1,5080.3,4698.2,4478.4,4047.1,3836,3764.2,3767.9,3519.2,3225.9,3380,3368.8,2945.9,3119.2,3053,2717.1,3109.4,2818,2758.6,2396.9,2166.5,2380.9,2773.8,2526.1,2255.7,2562.1,2463.2,2535.8,2537.8,2762.4,3131.6,2885,2403.6,2414.4,2613.1,2538.3,2711.1,3057.4,2672.4,3288.3,3340.4,3124.6,3365.2,2823.1,3815.2,3779.6,3365.8,3660.3,3670,3831.5,3917,3642.2,3541.8,3218.6,3136,3566.9,3627.7,3187.4,2898.9,3277.9,3074.7,3395.4,2905.4,3030,3592.3,3396.2,3549.1,2832.6,3136.8,2959.5,2977.7,3343.9,3018,2667.1,2985.3,2602.2,2657.2,2560.4,2774.6,2821.6,2733.8,2696.3,2444.7,2676,2882.3,2874.2,2830.3,2743.3,3236.8,3197.8,2724.5,3267.6,3333,3639,3639.6,3521.8,3719.8,3592.9,3517.8,4071.2,3833.3,3799.7,4104.3,4147.3,11
1347.8,1146.8,1237.1,1143.7,1153.9,1131.2,1049.2,1108.2,1089.1,1088.9,1184.4,1189.5,1156.1,1989.1,11693,11216,16699,23485,31528,42494,56012,71639,92016,82853,64439,53924,41079,30487,22200,25640,52153,66288,44337,40629,39800,38721,29205,18213,14347,11989,10412,8443.8,9139.6,8111,7499.3,6361.1,5859.5,5706.8,4989.9,5068,4104.3,3800.7,3505.7,3148,2975,2538.8,2565.8,2368.8,2310.3,2036,1759.3,1624.6,1944.1,1692.7,1614.1,1557.1,1404.2,1448.2,1277.3,1302.5,1329.8,1306.3,1356,1186.8,1237,1352.1,1348.6,1351.9,1226.9,1313.9,1338.5,1218.3,1249.6,1111.8,1065.6,1083.9,1089.1,1140,1170.9,1032,1057.7,1031.1,1023.8,1731.8,5880.2,8274.8,11662,18581,20480,25902,41013,57480,1.0708e+05,72035,55302,36016,26931,20766,18710,34042,43959,36040,35641,27047,24685,18623,14103,10348,8988.6,7694.1,7829.1,6785,6019.2,5481.5,4920.1,4119,4908.7,5540.3,6413.5,7299.8,9084.2,9418,8184.3,9504.3,9484.1,6657.3,6480.1,7465.8,6193.8,4815,4447.7,4165.8,3064.7,3140,2987.8,2317.1,2361.2,2101.5,1822.4,1819.8,1762.3,1520.5,1466.5,1604.2,1516,1396.5,1326.4,1300.5,1196.8,1201.4,1266.8,1252.3,1324.1,1265.9,1039,1196.9,1335.3,3229.1,5864.8,7319.6,8784.4,15776,17416,17149,12894,11400,10681,12202,9003.9,10335,8009.7,9275.1,9253,12023,16887,18905,21059,17910,13872,15397,18930,18236,18696,25295,34443,48838,58677,74984,97328,89601,60548,47687,40604,31674,25280,27901,40036,36535,28728,24797,21711,21396,16854,14198,11398,10279,9328.3,8797.5,7263.6,6773.6,5574.5,5618.2,5733.1,5729.2,9555.6,9919.1,10565,13797,13811,10933,12697,13447,11659,9270.8,8088,7131.1,8004.1,7200.5,5961.5,9293.1,9497.3,10568,14094,13996,11261,9947.8,10318,11551,10149,7766.7,9447.2,7789.8,7149.8,5402.9,5803.1,5472.4,6264.6,8738.9,9508.6,12588,15658,18750,17295,17451,23505,28581,22414,18962,24806,24184,22473,18687,20786,20878,19664,13473,15397,15024,15017,13850,11683,14266,14070,13102,10758,8813.4,8595,6793.3,7351.7,4987.1,5641,5683.2,5488.6,4962.8,7354.2,10753,11487,13489,13053,12839,12391,11
10943,3715.3,2499.4,2134.2,1734.1,1669.5,1904.5,2160.1,2318.5,2645,2636.4,2330,2269.1,1935.3,2064,2232.2,2467.3,2347.6,2538.1,2656.3,2138,2058.7,1994.5,2322.8,2587.6,2608.5,2678.7,3027,2822.4,2601.9,2810.6,3299.8,3506.4,3637.7,4024,4694.2,3869.1,2709.4,2839.9,2053.5,1967.7,2323.1,2072.8,2353.2,2534.1,2308.5,1934.1,1886.5,1720.9,1960.1,2277.3,1976,2264.1,2448.4,2178.8,2122.2,2116.6,2084.9,2102.2,2353.5,2493.4,2548.1,2456.7,2424.2,2628.4,2494.3,2608,5797.4,11232,10618,9352.9,6390.6,3032.5,2678.5,2766.2,2490.1,2897,2901.5,2719.2,2750.6,2455.7,2317.1,2342.6,2965.3,13741,14373,6237.8,2984.5,2674.4,2246.1,2406.1,2190.2,1906.8,1912,1990.1,1964.5,1856.6,1986.8,2102.2,3950.4,6281.9,4206.2,2226.4,2138.2,2103,2108.7,1974.2,2244.2,2323.9,2735.9,2414.2,2300.9,2427.3,2389.7,2382.2,2352.9,2630.2,4167.1,4189.7,3867.5,7410,7622.8,3554,2620.4,2228.3,2210.1,2291.4,2516.4,2537.8,2186.3,4807.8,4694.9,4194.7,2905.5,1900.2,1928,1722.8,1857.2,2149.2,2018.9,2504.8,6656,8554.3,13989,5361.8,4270.7,2866,4884.1,7943.9,4214.9,2655,2218.3,2590.7,3434.8,2574.5,2650.9,3385.9,2858.4,2308.3,2360.1,2259.3,2484.6,4004.2,5538.8,3314.4,2416.4,2359.1,2153.9,2106.7,2428.2,3397.5,4339,3177,2290.5,1946.3,1903.9,2129,2096.5,2107.2,1910.4,1983.7,2002,1997,2179.7,2074.8,2281.2,3354.2,3518.5,2343.4,1973.4,1854.4,2062.3,2045.9,2078.8,2099.1,2115.2,2068.9,2049.8,2086.9,2302,2289,2303.6,2222.8,2595.2,2400.6,2998.6,9470.3,17749,10177,6216.4,3113.3,2640.6,2683.8,2515,2473.6,2320.2,2116,2161.5,2262.9,2188.2,1972.7,2117.2,2031.2,1930.3,1982.7,3399.2,8939.6,4093.9,11343,25133,19006,6206.6,2765,2371.8,2114,1939.6,1954.1,1897.9,1660.7,1844.5,1895.4,1763.7,1766,2346.4,2166.8,1815.5,2709.2,11775,30154,25415,51037,13978,7354.3,4927.7,3351.7,3262.9,2994.3,2447,2602.1,2632.4,2439.4,2405.1,2277.9,2450.6,2426.4,2355.4,2047.7,1967.1,2022.4,2218.5,2197.7,1982.4,2188.6,2279.6,2072.2,1873.9,1964.9,1893.7,2295.8,5088.3,15760,46315,27350,8400.8,4266.8,3273.6,2635,2598.6,2150.3,2019.7,2054.3,2068.3,1850.6,2167.3,2058.4,2006.7,2119.5,2041.9,2230.4,2318.8,2330.1,21
941.35,1231.2,972.36,816.22,905.31,854.56,770.12,789.34,822.6,845.28,980.35,1342.8,1037,780.23,720.37,770.66,908.51,3378.4,5580.8,7758.4,4512.1,4075.8,3547.6,2581.2,2266.3,2394.4,1657,1847,1204.1,1171.1,1427,2132,1414.7,816.76,839.1,859.68,850.5,858.71,853.97,938.26,1373.7,1968.6,1436.6,819.17,866.52,912.14,910.4,875.38,898.87,1178.2,2007.5,2828.9,6241.5,7756.7,4341.6,3349.5,2408.4,1991.9,1637.1,1640,2194.3,2430.1,1219.5,796.76,893.62,1074,927.96,971.15,1141.1,1548.7,2985.8,1644.7,1024.5,837.2,1146.2,1359.6,960.95,1197.2,1704.5,2574.5,2856.8,1150.3,766.34,1010.8,1567.1,1031,1129,1334.7,2883.9,2613.8,1260.2,846.33,1256.7,1635.6,1218.4,1791.1,2732.1,3130.7,1254.5,782.88,974.84,1667.4,1285.7,1943.3,2690.9,2783.7,1056,785.87,1083.3,2049.3,1370.5,1874,2706,3161.7,1176.4,880.36,1999.6,1943.2,2021.6,1942,4024.6,1705.6,1144.3,1790.4,2218.1,2985.8,2305.9,4033.5,2546.7,1612.8,2068.1,2233.8,2152.7,1931.6,2973.8,1156.7,1202.7,2047.7,1575.6,2013.7,3211.9,1213.8,979.05,1959.5,1734.3,1778.6,3559.9,1389,847,1988.5,1586.2,1789,4126.4,1813.3,1091.4,1662.4,1802,2001,3341.7,2044.5,1013.5,1274.8,1638.8,1661.5,2234.2,2686.3,1245.2,1017.6,1867.2,1452.6,1719.7,3490.4,1751,1074.9,1438.7,2168.2,1340,2857.3,3425.4,1298.6,1151,1347,2228.9,1308.9,3730.7,2839.8,1228.4,1249.7,1320.7,2187.9,1600.6,3241,2530.2,2104.3,1673.1,1473.5,1031.8,926.04,1007.2,881.64,923.86,920,911.92,886.96,920.17,804.56,788.22,764.57,715.23,818.82,794.32,809.96,787.19,729.83,698.23,786,786.97,860.08,840.63,849.6,987.18,1130.5,1417.2,1241.9,1424.7,1359.3,1332.4,1389.7,1161.7,917.81,896.89,870.7,885.12,934.47,786.65,765.68,908.36,879.48,810.69,851.03,893.52,880,894.23,810.76,829.54,896.36,830.22,797.99,794.79,740.85,787.62,800.06,727.32,895.51,931.17,838.67,750.29,827.32,964.18,914.8,903.81,819.6,827.59,870.54,891.11,841.26,726.04,761.84,737.25,765.7,795.87,718.36,729.64,862.13,741.43,751.53,682.39,689.57,690.86,776.96,786.61,794.23,841.72,716.28,751.11,755.04,675.73,742.38,822.59,823.82,836.45,812.11,770.14,907.26,731.56,767.56,804.25,936.48,903.97,990.5,1011.7,21
2345.5,2292.8,2142.5,2324.3,2120.6,2170.6,2326.1,2165.6,2143.2,2161.9,2272.8,2207.4,2049,2280.5,2225,1748.8,2346.5,2084.1,2366.9,2215,2265.8,2321.1,2402.8,2140.8,2531.3,2370.6,2372.2,2045.7,2072.3,2216.2,9196.3,14657,13403,11467,7099.1,3287.4,2602.3,2467.1,2446.3,2376,2309.6,2274.7,2103,2184.5,2029,1974.9,2074.7,2069.2,2001.5,2284.5,2253.8,2134.8,1955,2221.2,2304.6,2182.1,2127.2,2293.9,2077.4,2148.5,2288.4,2348.2,2293.9,2213.3,2401.1,2200.7,2190,2179.7,2367.6,2190.6,2211.2,2536.1,35442,31255,9182.5,4467.8,3793.2,3381,2989.4,2666.8,2360.7,2628.9,2538.1,2340.9,2180.6,2245.6,2193,2291.2,2098.6,1989,2105.4,2575.1,2172.2,2228.1,2348.5,2490.7,2335.1,2138.4,2208.2,2239,2261.1,2297.3,2208.5,2109.2,2224.7,2229.8,2177.5,2332.3,2233.4,2200.4,2222.3,2196.8,2117.4,2092.6,2204.6,4867.5,13759,28734,20674,19283,13007,5078.5,4132.6,3595.9,2856.2,2634.5,2462.8,2349.6,2761.7,2297,2197.2,2002.3,2002.1,2059.5,2000,2076.3,2265.8,1924.8,2198.2,2100.7,1908.9,1989,2026.9,2052.2,2139.9,2186.8,2204.7,2120.3,2204.5,2071.8,2138.8,2162.8,2062.5,2123.2,1966.6,2016.5,2154.8,2201,1951.3,1966.3,1918.7,2077.9,2124.4,1719.5,1932.7,2128.4,2061.7,2097.6,2093.4,1952.7,2175.6,2054.6,4246.4,32892,19930,6306.1,3371.1,3423.3,3187.6,2942,2580.5,2344.6,2273.5,2242.7,2212.6,1877.4,2033.4,2057.8,2001.6,2070.1,1903.2,1918.5,1879.9,1954.3,2218.4,2086.4,2180.9,2027.9,2104.9,1906.5,1918.6,1955.7,2063.1,2112.5,2035.6,2143.2,2361.7,2098.5,2213.5,2224.4,2084.3,2005.2,2169.9,2047.9,2015.2,2111.4,2019.6,2130.9,2076.9,1994.7,2249,4801.2,9951.8,22377,17432,21758,14899,4513.1,3922.7,4072.1,3102.8,2597.2,2444.6,2244.5,2294.3,2236,2269,2069.5,2296.9,2192.3,2115.1,2112.7,2143.7,2051,2167.9,2089.6,1966.2,1862.7,1963.9,2224.5,2323.6,1964.7,1992.5,2051.7,2233.3,2367.7,2341.7,2184.9,2258.3,2049.5,2139.9,1928.5,2206.6,1994.2,2203.7,2032.2,2202.5,2111.2,2045.1,2090,2006.3,2153.3,2023.8,2095.5,5317.7,14867,11580,10450,6678.5,3168.5,2615.5,2404.4,2311.5,2304.7,2431,2197.3,2101.6,2374.5,2152.3,2042.7,2181.5,2075.2,2203.3,2021.6,2102.9,2124,2015.7,1942.7,1928.4,2082.8,2273,21
1367.2,1234.7,1102.4,1103.6,1039.4,922.63,1033.3,10215,14697,15716,16960,10406,6913.4,5051.5,2818.3,2234.9,1897.8,1536.9,1219.2,1347.3,1307.3,1502.6,1426.9,1563.2,1393.5,1466.4,1252.6,1238.9,1240.3,1457.2,1322.8,1420.3,1457.1,1551.2,1347.8,1339.1,1211.4,1446.9,1598.8,1572.5,1542.6,1503,1492.3,1328.3,1496.1,1337.3,1640.7,1657.8,1825.1,4484.4,10245,11868,6759.9,3874,3006.9,2957,2443.8,1726.3,1484.6,1324.5,1773.5,1381.8,1482.9,1368.6,1520.8,1323.2,1191,1677.7,1500.8,1483.6,1342.7,1548.1,1364.1,1508.1,1283.2,1471.5,1547,1471.8,1419.9,1486.5,1370.6,1358.9,1203.7,1387.7,1431.7,1448.8,1394.2,1505.8,1584.9,9391.6,21060,26300,19435,11218,6945,4954.8,3705.9,2990.1,2149.4,1985.8,1740.2,1437.6,1414.4,1480.7,1404.7,1224,1425.9,1399.2,1478.3,1373.8,1085.1,1365.4,1260.1,1251.6,943.92,963.34,959.22,959.46,965.07,1092.9,1428.3,1338.4,1438.1,1296.5,1411.2,1617.9,1569.9,1520.8,1692.5,1461.5,1518.7,2508.6,4886.7,9591.3,14433,14645,15642,9108.2,6381.7,4570,2923.5,2073,1823.6,1453,1534.9,1262.1,1370.4,1029.7,1142.6,1338.9,1231.9,1422.6,1318.6,1353.6,1094.3,989.26,1004.2,879.5,953.04,1099.9,1191.6,1195,1021.9,906.34,916.88,1131.9,1180.1,958.28,866.48,1221,1821,1755.4,7542,15369,16885,14741,8180.3,6538.1,4605.2,3055.6,2250.6,1831.3,1699.9,1691.7,1450.1,1245.9,1301.5,1178,1121.3,1401.1,1317.7,1225.5,1289.3,1276.2,1450.1,1462.1,1378.6,1268.8,1253.5,1473.9,1689.6,1907.1,2153,1453.6,1368.7,1218.7,1196.5,1139.6,1169.9,1093.9,941.79,912.86,902.71,1137.1,1677.3,13819,18192,11702,6758.4,4800.8,3311.7,2618.9,2334.8,2035.8,2073.5,2273.7,2511.6,2773.6,1870,1773.3,1746.7,1500.1,1373.8,1194,1172.9,995.4,1067.1,984.74,901.97,1062.8,1044,1101.3,1045.1,1142.4,1409.5,1779.2,1958.7,1940.6,1796.9,2985.2,14869,14722,13875,7686.2,5693.2,4177.7,3454.9,3469,2481.7,2281.6,1966.9,1795.3,1726.2,1581.3,1427.9,1632.5,2040.1,1954.8,1813.3,1777.4,1789.8,1663.2,1645.5,1696.3,1350.7,1389.7,1461.9,1464.8,1801.9,2099.3,1929.5,1693.9,1782.5,1480.3,1453,1276.5,1374.6,1310.5,1373.9,1959.7,1995.7,2093.4,1570.1,1873.2,1681.2,2005.3,1945.3,1438.9,1275.1,1220.6,1255.7,21
368.46,293.18,324.13,293.57,281.47,294.18,287.33,279.33,262.11,249.4,268.14,263.25,257.31,262.71,271.53,253.36,274.39,258.77,2141.3,13520,24465,21854,19320,5023.5,3014.6,1964.3,1645.9,1050.7,876.53,771.68,850.36,863.67,676.63,519.22,426.49,379.84,375.28,374.23,339.08,338.21,307.47,260.12,265.04,271.96,283.47,270.12,266.88,258.07,244.24,251.62,242.39,245.54,253.36,228.19,214.35,1990.6,10727,10037,6285.4,13883,22153,12223,5454.2,2349.3,1802.2,1273.5,887.19,829.53,797.87,631.23,626.22,564.43,492.39,475.99,378.1,365.85,358.01,357.77,318.99,325.92,291.76,290.68,267.07,311.12,304.36,288.31,285.03,289.15,283.24,261.3,291.95,291.02,292.85,286.8,634.34,8539.5,23415,34109,23773,7175.7,3725,2056.8,1576.5,1215.1,922.11,779.32,897.58,874.83,623.68,533.18,462.76,405.96,366.62,347.3,361.69,338.31,366.66,336.07,326.08,298.58,275.5,286.83,263.69,269.2,274.28,261.62,277.92,266.79,262.17,248.42,271.39,14219,24179,10983,11838,12645,11486,5410.6,2198.3,1821.4,1064,1140.9,938.31,800.76,729.71,689.98,589.88,484.91,429.17,391.69,384.11,343.84,341.84,321.29,317.25,316.06,312.36,326.67,285.09,335.98,295.63,309.38,288.54,312.91,295.95,288.84,343.98,580.42,342.17,302.36,304.78,265.16,1514.3,9268.7,12153,5609.7,13565,22488,13423,5488.2,2550.5,1792.5,1202.6,886.29,777.3,785.13,635.05,641.97,708,571.26,454.75,421.29,402.67,395.56,378.25,381.65,350.33,364.32,344.49,328.64,337.92,316.1,310.21,324.93,322.59,337.38,314.94,350.53,332.15,333.19,346.12,314.27,357.72,352.59,339.74,352.89,325.32,344.46,3184.5,15754,18157,17270,9157,3436.3,2662.7,1824.4,1318.8,953.36,803.64,878.74,831,777.09,605.48,543.37,494.18,476.53,438.02,485.12,463.78,508.61,440.64,431.97,393.59,459.11,430.81,404.6,417.63,395.47,402.59,454.06,416.97,404.02,405.11,370.17,374.1,380.01,376.24,440.59,364.86,336.88,333.71,338.5,354.25,304.63,318.29,329.02,336.91,348.04,308.13,348.73,321.92,335.56,318.43,337.4,310.62,315.61,313.66,295.69,304.57,297,281.32,259.98,294.88,286.21,263.6,303.32,284.09,299.27,293.24,273.99,295.58,298.52,285.71,308.72,283.73,318.24,286.38,356.17,332.42,343.37,316.06,21
831.82,834.91,984.93,934.77,819.56,786.26,770.23,718.82,1686.4,3524.9,4640,7617,7996.6,8075.8,7534.1,7818.4,8917,7366,5668.6,6065.8,5005.3,4420.1,3242,3461.4,3492.5,3048.4,2917.1,2363.5,3153.4,3867.1,2610.4,3782.1,3092.1,3849.5,2774.6,3483.5,2972.5,3791.7,5331.6,5579.2,9007,9122.7,7967.9,9174.2,8333.4,9205.9,8631.2,6259.9,8301.3,5482.6,5294.8,3821.9,3735,3345.1,3675.6,2876.7,2423.4,2711.9,2470,2075.7,1619.1,1341.5,1511,1291.9,1182,990.2,1074.3,904.13,985.67,981.25,882.85,850.74,1131.7,2532.9,4849.7,5730.9,6763.2,6352.8,6491.4,6610.3,4491.6,5798,5636,4295.9,4010.4,2843.8,2425.5,2574.9,1705.4,1259.3,1422.2,1190.3,1437.8,1196.3,991.19,720.71,1041.6,1008.1,877.36,754.37,860.15,817.53,2105.4,2287.5,6893.9,6152.8,7950.4,7153.5,6645.8,6920.8,5441.3,5788.3,4152.7,5108.8,5126.6,4035.3,2832.3,2716.6,1956.6,1309.2,1135.6,1611.3,1466.4,1563.8,1178.3,1535.8,1235.6,1133.7,1046.3,1023.5,1028.1,1025.3,1023.2,1361.4,2250.7,4725.5,6833.3,6859.1,6221.3,7229.8,7208.8,6232.3,5821.7,6162.9,5029.8,3381.2,3296.2,4341.5,2817.3,1629.5,1966.7,2076,1801.1,1394.4,2059.5,1273.2,1120.4,1021.3,1073.4,1003.6,931.4,1034.2,946.76,1222.5,2629.3,2881.8,6064.5,6192.4,5728.4,6332.8,6177,7373.1,4495.2,6128.3,4831.5,5314,3362.9,2371.3,2340.2,2128.8,1412,1910.7,1312,1437,1586.8,1083.4,1127.4,1370.4,1207,810.8,716.15,1010.4,878.08,1154.9,1800.4,4900.7,3723.3,7047.7,3169.3,6206.5,4499.6,7361.5,5229.8,4743.9,4779,3535.7,3400.2,3187.7,3333.4,1600.1,1306.7,1556.6,1567.1,1449.1,1278.1,1174.5,1123.8,1339,938.67,1114,1300.8,925.25,908.87,1325.1,1888.5,2827.5,3180.2,6722.7,3329.8,6492.8,4106.9,7678.6,5752.6,2522.3,4621.6,4906.3,1911.9,2142.1,1944.4,1718.5,1760.1,1487.1,1559.1,1787.2,1469.1,1493.5,1740.2,1423.2,1449.7,1029,1357.7,1139.7,1173.6,2233.3,2944,3942.4,5321.9,7409.4,4510.4,7666.5,4689,6108.7,4853.3,4717.9,5837.5,3023.9,2329,2523.2,2123,1934.5,1510.6,1364.7,1534.7,1065.1,1669.1,1382.5,1264.4,1223.4,1123.4,1014.5,1192.1,1006.4,1377.4,2181.8,2354.4,3699.7,4481,3503,3973.8,5754.7,2729.7,4817.8,3798.2,3665.5,3034.2,2694.1,2214.3,1740.1,1733.7,1822.9,1519.7,28
1377.6,1283.4,1246.5,1084.2,1297.9,1248.5,1244.8,1193.6,1384.4,1500.9,1582.2,1676.4,1491.3,2211.7,1988.2,1859,1938.7,1426.1,1559.3,1312,1350.5,1359,1142.7,1321.5,1321.5,1199.1,1385.5,1196.1,1424.9,1485.3,1499.3,1579.8,1344.3,1775.7,1735.8,2008,1878,1641.4,1593.5,1518.9,1340.7,1390.3,1491.5,1497.5,1348.4,1410.9,1287,1307,1295.7,1473,1723.2,1535.1,1473.2,1740.6,2074.8,1818.3,1953.5,1588.9,1558.3,1381.9,1493,1323.6,1201.3,1260.8,1383,1339.8,1303.9,1210.8,1388.1,1458.9,1760.5,1702.1,1806.1,1786.5,1798.1,1748.6,1603,1634.9,1498.6,1259.7,1344.6,1363.9,1385.6,1377.6,1477.8,1377.1,1291.7,1164.1,1244.9,1468.4,1410.8,1630,1734.2,1533.1,1569,1548.9,1356.2,1419.8,1311,1335.6,1322.5,1248.3,1211,1204.9,1260.2,1264.3,1128.9,1246.9,1092.9,1016.8,1159,1137.1,1078.1,980.21,871.19,1024.5,1045.3,1028.1,1016.6,1055.3,903.39,894.84,1024.7,995.89,1003.9,932.63,881.63,960.87,896.56,943.39,955.44,858.04,1051.1,1044.7,933.87,880.59,928.85,980.35,846.84,822.66,847.83,835.01,938.06,1037.9,853.98,892.08,855.61,922.12,1037.6,895.33,755.64,995.89,918.31,951.09,1001.9,970.34,951.97,1023.7,1112.5,824.28,887.59,984.16,844.85,859.26,978.51,1001.2,803.85,966.98,908.84,769.44,897.85,959.22,784.8,789.21,971.3,887.35,916.99,996.11,853.07,831.09,902.16,920.73,753.41,932.21,1029.3,812.27,888.66,1039.3,893.95,933.65,1025.1,892.43,958.24,951.15,933.38,938.19,849.65,768.93,824.16,788.79,808.54,777.23,791.99,884.69,773.53,778.24,810.8,828.27,786.07,805.88,780.04,770.69,872.39,788.35,825.23,899.61,753.67,784.01,804.34,769.31,798.35,801.24,808.19,757.51,834.06,757.84,733.49,764.81,806.77,785.7,763.77,731.53,691.42,742.45,776.71,857.94,821.5,790.94,834.53,796.23,756.4,795.45,816.66,760.02,773.87,758.23,870.3,848.03,770.02,778.71,810.12,843.65,808.85,864.58,846.48,816.47,785.57,853.29,845.8,840.59,770.24,836.04,887.71,843.99,864.45,841.74,858.84,860.32,901.86,816.3,928.53,769.44,795.18,792.36,803.5,873.12,861.75,846.07,781.52,897.96,924.79,903.29,883.83,903.34,814.14,802.54,860.55,976.84,778.38,828.1,835.77,777.74,843.65,895.46,813.77,815.23,836.68,778.45,725.23,847.25,813.41,28
1279.2,1652.3,1542.9,608.18,1077.2,738.51,879.61,513.09,917.59,823.35,509.94,795.68,620.33,580.34,533.42,387.44,409.74,494.61,509.23,419.76,459.8,281.5,386.58,449.69,322.07,279.6,310.16,273.34,318.82,957.21,1803.1,1675.7,2728.5,2214,4139.8,3603,3297.2,4689.1,3982.4,2722.7,2688.1,3085.9,2157.5,1671.5,1914.6,1208.3,1225,1916.1,726.85,669.52,935.13,888.6,818.71,1356.8,1021.7,775.12,777.13,1306.7,1797.1,1454.9,3500.1,2057.6,3468.7,3521.7,2971.8,2490.6,3810.4,2528.7,3206,2922.3,1375.7,1980.3,1649.6,2029.7,1204.1,1328.2,1182.1,894.45,825.42,949.81,713.79,895.9,682.16,833.54,1560.6,1492.3,2837.5,2240.6,2738.7,3395.7,4459.4,3983.4,3580.5,4420.2,2162.5,2077.6,1669.5,1412.3,2310,1856,1262.8,722.97,1222,1178.1,1038,906.66,732,701.47,1069.6,665.45,593.7,1668.9,1767.5,2573.7,3242.5,3369.3,3737.1,4220.8,3578.5,2895.3,3327.2,1903.1,2222,2549.7,2358.5,1535.4,2040.1,1403,1333.1,874.55,1112.3,1451.5,928.23,838.47,931.93,733.18,1248.7,1949.5,2096.9,2748.4,3115.3,3074.2,2679.6,4772.2,3446.1,3318.9,3240.2,2305.5,1872.3,2078.9,1909.7,1522.3,1872.3,1670.9,1367.8,1437,1188.3,1475.5,1363.3,891.8,680.42,905.09,1628.6,1974.7,2154.4,2697.2,2964.3,2156.8,3966.6,5575.6,2527.1,2976.3,2013.2,2425.5,2270.4,2876.9,2132.5,1811.6,1820.1,1909.1,1591.4,1470.6,1208.8,1071.5,1276.7,1136.8,848.51,1697.1,2284.3,2018.2,1970.6,3437.3,2797.4,3928.5,5370,3625.1,2780,2429.3,1965.8,2344,2345.1,2022.1,1790.3,1651.8,1570,1689.1,1136.2,1033.5,1010.6,768.04,986.51,1621.6,1928.7,2335.9,2423.1,3431.7,2909.5,3409.6,4463.3,2484.3,2003.4,3674.4,2314.6,1750.6,1711.7,2011.8,1524.4,1341,1454.7,1263.5,959.6,1122.5,1525.1,871.22,1069.8,2330.7,3144.7,2575.5,3047.9,3866,3421,3917.9,3965.9,2023,2133.8,3544.8,1816.8,1427.8,1946,1369,1766.6,1686.9,1403.5,1775.4,1076.6,1119.4,1113.6,1672,2108.2,2974.3,4038.4,4101.6,5448.8,4239.5,2569.2,3197.3,2097.8,1439.2,1964.8,1282.1,1685.2,1092.1,1818,1243.1,1169.8,882.91,1542.7,1113.1,1159.2,1692,2352.5,2239.7,2770.4,3722.1,3769.9,2134.3,1026.3,2854.4,1964,1458.9,1727.5,2343.3,2126.7,1670.8,1297,1044.9,918.2,1142.8,851.83,957.18,1266.6,28
6154.2,5331.9,5644.1,4018.4,3652.1,3692.9,4124.9,2680.4,3399.5,3493.4,2726.1,2900.5,2144.8,1491.2,1593.9,1701.3,2138.6,1336.6,883.66,1042.1,1186.6,1210.8,1318.3,1716.5,1924.4,2684.2,3312.6,3764.8,6181.8,5654.6,7542.9,6696.7,8444.7,7885,5588.9,6787.3,7796,8147.5,6038.7,4699.6,5291,4205.1,4369.5,4615.1,2702.1,3372.9,3190,2646,1920.6,2681.6,1662.8,1762.5,1466.4,1316.1,1116.3,1124.3,1080.7,894.64,1102.1,1671.7,2064.4,3912.6,4809.1,4945.1,6176.9,6876.4,5712.5,6979.7,6565.8,6090.8,8990.1,7351.4,5465.9,6270.7,5644.3,4160.1,5212.1,4276.1,4580.2,4202.2,3554.2,4525.3,2672,2976.7,2730.2,1440.2,2283.5,1513.5,1529.9,1653.8,1189.5,1402.7,1089.7,1109.5,1475.2,1715.1,2423.2,3732.3,5614.3,8145.6,6845.9,7398.5,8212.8,7416.1,12303,10622,7464.6,7291.2,8271.9,7347.5,8129,9143.8,9064.5,6392.7,5383.4,4610.2,3334,3694.2,3398,3435.6,3173.4,2672.8,1725.8,2175.3,1759.4,1594.9,1768.3,1792.8,1991.3,1417.7,2758.9,4188.3,6292.6,9376.2,10824,26385,13889,22797,16233,18510,24823,15608,12446,14583,14133,11116,7057.8,7676.7,8011.2,5993.1,4280.1,4230.9,3901.6,5003.6,3469.5,2992.3,2766.2,2273.2,1834.8,1935.1,2169.4,1586.3,1687,1642.1,1606.5,2239.4,5714.3,7596.1,19021,14735,34845,26637,27635,43221,35621,35098,38462,23306,15952,11696,9518.8,9650,7665.3,7113.8,5070.5,3946.8,4334,5001.6,5737.7,4093.4,4544.8,3339.1,3158.1,1939.8,2862.6,2415.7,1728,2479,1886.4,1885.7,1793.9,1802.1,6081.9,9435.3,17429,13588,33807,33471,21601,34374,27608,38762,36006,22857,17151,9281.3,8638,7987.2,6772.7,5891.6,5432.2,5697.3,4595.6,3483,2216.4,3152.8,3379,3200.9,2236.8,2355,2348.9,1889.1,1846.1,1475.1,1875.5,1254.9,1978.3,2742.3,8210.1,11433,23631,19401,35432,20339,30005,27990,21931,32298,19329,13586,14576,8811.3,9896.4,8095.4,5568.8,5887.5,4216.7,3947.7,2974.1,3508,3577.5,2564.9,2488,2410.9,2375.5,1885.6,1752.5,1935.6,1908.8,1499.9,2274.5,1354.8,1295.9,2068.2,6553.5,7019.5,16251,12418,29696,20072,21523,27400,19839,32108,35469,13706,9275.3,8119.7,6849.2,9259.8,7145,7257.4,3678.5,3803,3653,2885.2,2933.8,2821.3,2375.5,2893.7,2054.6,28
603.55,666.53,694.98,744.2,780.36,889.55,800.76,818,876.2,666.31,622.61,1024.6,741,756.1,623.44,686.54,569.54,582.75,575.63,584.97,589.42,608.66,575.11,567.18,790.74,689.57,766.13,705.05,846.53,781.67,750.59,805.78,867.21,805.96,832.62,720.18,785.73,712.25,793.92,670.45,649.58,596.19,703.22,535.55,576.62,624.54,606.34,687.4,832.11,570.93,812.9,838.02,1225.7,742.29,662.33,778.68,649.19,772.82,892.35,792.31,621.44,665.75,707.69,683.54,671.17,622.14,680.8,619.19,566.88,697.1,580.78,846.77,837.91,894.3,814,900.33,853.83,996.69,691.63,817.15,933.77,793.5,852.82,633.8,634.08,668.54,683.94,579.52,523.73,537.58,686.81,646.86,686.08,774.3,695.83,698.1,775.56,941.61,926.44,808.85,951.08,638.38,690.36,741.09,823.15,717.61,678.05,673.19,648.96,552.72,611.83,648.32,662.84,678.28,735.1,698.69,717.53,722.33,713.88,848.12,897.43,734.8,904.85,788.62,805.4,904.13,797.2,723.42,660.61,703.06,636.74,662.78,649.13,657.8,674.95,742.54,710.02,910.32,787.44,679.83,801.61,833.54,878.1,807.15,819.55,661.64,861.4,783.81,760.06,673.24,768.24,769.6,588.95,578.08,587.96,614.13,671.82,742.23,758.79,896.05,745.61,933.22,862.96,1023.4,922.18,812.42,813.32,806.79,879.27,621.32,793.64,736.31,794.42,839,546.46,612.9,719.82,612.58,538.76,701.52,627.65,664.23,899.62,725.28,860.07,836.94,983.84,854.5,804.45,834.93,684.04,708.12,747,749.34,731.6,788.19,646.11,615.9,573.09,583.86,598.32,669.99,676.62,774.47,611.44,713.86,1007.2,955.11,965.51,608.46,750.47,679.19,696.1,618.27,596.99,652.68,658.66,570.21,628.92,594.61,576.74,571.02,547.46,578.42,690.86,658.33,712.35,672.35,955.22,767.31,632.2,694.28,777.17,674.38,763.3,852.67,694.94,719.82,728.72,588.09,580.81,603.44,522.22,554.64,555.05,561.6,755.8,798.91,782.26,968.13,803.13,795.22,806.96,743.66,910.36,764.68,725.74,711.04,670.74,599.48,684.71,698.96,669,553.52,512.69,538,584.95,557.91,651.49,752.58,685.89,906.73,830.14,827.6,889.58,773.23,861.25,823.48,696.35,793.52,665.57,702.41,716.25,694.59,649.5,572.93,549.06,592.87,614.04,621.34,583.56,707.52,662.91,878.09,812.93,947.05,962.72,895.72,750.79,832.1,686.04,28
