29209,10392,7872.7,5469.8,5437.8,14436,30840,46139,36163,39155,17607,7321.9,6412.1,5352.8,5098,12977,32787,55831,29761,27593,13625,6282.3,6451.6,7171,5047.4,6036.5,22982,44965,32465,30059,20536,7591.7,6786.5,5770.8,4757.7,6787.9,24761,46797,37878,37638,18713,10306,8451.6,7508.5,6309.8,14660,37251,57770,39511,36283,15477,8053.9,8380.7,6743.4,6787,7337.6,14998,26268,51717,34173,32727,11779,11349,8200.7,8518.8,6770.6,7044.5,12103,26092,50258,35296,29786,13108,10760,9109.5,8105.9,8073.8,8566.4,7872,5942.6,7113.3,5882.1,10815,21802,30711,22807,25303,12761,6960.1,4743.7,4413.9,3381.7,3600.3,3940.1,3658.5,4073.3,2833.8,2932.7,2784.2,2761.1,2471.4,2334.5,2467,2265,2128.1,2126.4,2034,1868.6,2218.5,1982.9,2055,1751.4,1778.5,1882.6,2025,1953.4,1973,2054.6,1928.5,1924.7,1912.2,2056.9,2261.1,2156.7,1935.7,2018.1,1960.6,1868.5,1913.6,1707,1614.7,1816.2,1648.4,1765.2,1649.6,1829.9,2035.2,1795,1766.1,1596.9,1502.8,1813.1,1976,2006,1936.5,2373.6,2670.7,2341.1,2634.7,2208.3,2722.3,2311.5,2761,2668,2473,3200.4,2989.4,2684,2866.5,2995.7,2388.2,2489.4,2611.6,2078.6,2343.6,2084.4,2037,1980.2,2027.4,2000.5,2100.4,1789.2,1781,1862.1,1997,1961.8,1915.1,1923.5,1803.8,1637.8,1844.7,1893.5,1737,1599,1960.1,1737.1,1961.1,1623.3,1663.5,1605,1798.8,1636.5,2210.3,1909,1736.8,1650.3,1533.6,1856.4,1914.4,1807.3,2026.6,1967.3,1598.8,1857.4,1711.4,1699.5,1753.1,1857.1,1882.3,1952,2321.9,2249.1,2010.3,2115.2,1984.6,1868.3,1834.7,1859.1,1997.8,1991.9,1989.2,2009.4,2111.1,1942,1598.4,1774.5,1691.7,1549.1,1650.3,1880.3,1945.5,1981.8,1967.4,1746.7,1719,1921.1,2019.2,1946.9,2042.1,1978,2069.4,1894.8,2163.8,1947.7,2147.3,2102.2,2262.1,2280.7,2978.5,4340.3,5984,8023.8,9223.7,11777,14718,14732,20984,28348,31159,26621,17966,21701,18835,19376,6993,5738.8,4373.3,3696.9,3424.6,3535.3,3657,4670.5,27362,26610,27236,25239,31867,13589,8969.3,7530.3,6738,9054.6,20216,36970,35176,35103,15343,9791.2,9019.8,7553.4,16082,31368,52753,45864,23740,12816,10753,7934.8,7725.3,37904,10
2653.2,3135.6,2403.1,942.18,1993.3,1842.4,1122.5,854.32,1885.1,1598.5,1707,1542.5,1350.8,1797.4,1955.4,1878.7,1963.7,1132,1018.1,1784.5,1343.6,1368.2,733.83,1255.9,1446.5,1347.2,934.13,2103.7,2630.8,2045.3,1349.6,2220.2,1803.7,1334.8,1568.3,2155.7,2311.9,1441.8,1446.9,2397.3,2240.6,1849,1126.9,1175.8,1448.4,1353.9,916.76,1329.3,1161.2,986.14,1070.7,865.94,783.71,1163,1398.3,1059.3,599.98,606.96,710.13,1766.8,2152.8,856.7,1773.2,1953.5,2004.1,1698.3,1094,1529.8,1673.3,1380.1,1017.4,1911.1,2110.7,2294.7,1858.5,853.89,1792.5,3329,4558,2615.5,1377.4,3090.1,3829.4,3865,1861,2123.4,3406.5,3955.2,3280.8,1586,2707,4975.2,4852.5,3441.3,1124.7,3515.7,4622.7,3906.9,2069.5,1789.6,3452.3,3446.5,2894.4,1469.7,1796.4,2340.4,2767.7,2950.8,1892.8,1398.7,1755.8,2135.6,1757.9,1206.7,1561.8,2007.8,952.4,1401,1109.4,1139.1,2232.5,2143.5,1032.7,869.49,900.78,1269.3,1487.9,1638.6,892.93,1194.7,938.19,994.21,1199.1,1231.7,896.54,1170.4,864.3,695.86,1009.5,990.44,1123.9,895.34,602.48,588.53,753.16,1015.7,1030.7,1073.8,1061,1453.5,1451.6,1523.5,1097.1,1234.7,1424.1,1026.1,895.35,794.36,1048.8,1070.4,1075.8,811.07,1513.2,2052.7,1916,1169.3,923.04,1834.2,2029.4,2074.6,1404.6,1036.1,1895.5,2048.2,1099.7,1406.6,1574.2,1324.3,1583.1,1894.3,1265.4,1836.6,1960.7,2359,2009.1,1128.7,1125.3,1742.5,1446.2,1254.7,1270.5,1820.6,1854.8,1281.7,923.08,1773,1984.6,1561.5,1328,910.93,1732.8,1807.9,1306.5,1198.9,1767.3,1687,761.64,690.16,511.91,640.02,774.12,1452.7,1817,2585.9,2163.4,1244.3,2757.7,2983.3,2208.2,1350.2,1315,2148.9,2339.4,1737.8,1425.5,1043.5,1567.2,2058.5,1304.1,1212.7,775.95,665.73,1371.4,1861.9,2000.4,1329.4,793.09,1776.9,1979.7,1305.4,678.57,978.38,1186.8,760.03,703.24,1173.7,1462.6,1047.4,1267.8,1042,1203.2,1078.6,788.67,937.57,811.27,649.32,1319.9,1697,1500.6,1341.2,1430.6,2215.7,2593.6,2502.3,1352,1138.6,1934.1,1880.5,2257.7,1647.4,946.19,1345.6,1396.2,1543.7,1337.4,834.19,1383.1,1725.1,1300.9,748.3,511.53,671.55,1322.9,976.43,979.73,1151.7,1388.2,1267.9,964.23,920.2,1590.5,2365.1,1586.7,2148.9,1590.6,869.21,892.87,1278.8,1593.8,1403.7,10
3770.9,4335.9,2959.7,3301.5,3581.6,2718.5,2673.5,2730,2517.4,2271.2,2497.2,2267.2,2237,3362.5,4113.2,5379.1,5510.6,5929.9,6003.9,6623.7,6339.3,6131,5665.9,5265.5,3014.3,2876.8,2736.8,2384.5,2543.3,2522.4,2743.5,2800.8,6357.3,7806.4,6737.5,8819.5,6817.7,7380.9,7392.1,7400.5,8308.6,8186.3,7359,5624.3,5068.9,4055.9,4055.3,4421.7,3500.3,4173.1,3503.4,2682.4,2608.7,2547.9,2754.3,2494.9,2434.7,2773.3,2141.7,2242.4,2174.6,2297.1,2511.5,3406.6,4877.1,5719.2,5810.4,5778.4,5752.7,5968.7,5932.6,5150.2,4525,3966.2,51446,96416,1.0084e+05,92372,81628,78726,73251,68994,56988,47531,40607,32880,31528,27648,25007,22760,23850,20555,20816,18582,16155,10651,9279.3,7492.7,6519.3,5338.3,4922.2,3619.7,4045,3898.6,3712.9,4026,3114.6,2874.5,3100.9,3330.6,4061.5,5671.4,5668.5,5683.5,5278.7,6333.5,6364.3,6060.5,6218.2,6553.5,3797.2,3249.6,3467.5,2762.1,2894.8,2948.5,2683.1,2545.2,2715.4,2819,3510.5,3742.9,3378.6,3681.8,5576.4,8570.3,8433.9,7517.9,8964,9637.6,10124,7581.1,7410,6743.7,39472,79462,94997,80274,79973,72159,62228,57572,53265,40549,31213,25963,21514,20184,18334,16922,15354,14693,14108,14314,13823,12640,11043,9860.7,9718.5,8801.2,7640.2,5971.6,5708.3,3542.1,3252.8,2807.9,2833,2612.7,2726.8,2498.3,2536.4,2223.2,2369.2,2933.2,6049.2,9007.1,9483.2,11460,10817,10062,8975.8,8067.8,8820.9,8164.9,9589.9,7954.9,6096.3,5350.6,4227.5,3497.8,3588.7,2966.2,2747.4,2491.2,2658,2969.2,2690.5,2944.1,3879.1,4354.4,4581.4,3506.3,3581.8,4005.2,5666.1,6034.8,6821,6228.7,6907.7,6632.1,6137.2,6305.9,6851.9,5955.2,3853.3,3679.9,3534,2928.3,3320.2,2836.6,3134.6,3381.9,5318.9,7938.9,7229,6247.2,9032.1,10245,7697.1,8176.7,10230,7957.9,9482.1,50981,77420,87354,84806,73006,69314,61854,54603,50739,39180,30854,26137,21062,20036,17706,14898,11844,11151,10323,9727.5,8314,9338.9,10192,9614.6,9180.9,6463.9,6330.6,6944.1,7150.4,7398.9,6412.2,3604.2,2857.5,3052.5,2916.1,2856.8,3041.2,3009.3,2724.7,3018.6,3120.8,2929.5,4662.1,6514,8104.9,8550.9,10079,7729.6,7848.6,10479,11106,7896.7,7713.9,8231.9,7788.6,4661.2,4249.2,10
7309.3,6118.3,3635.1,3758.6,6894.5,5389.5,9142.2,5923.9,6357.7,8131.7,6963.3,3100.8,4755,6005.5,3705.7,3725.6,7995.1,6801.7,5170.8,6445.4,3571.7,4506.7,4969.3,3540.1,2893.6,4570.5,3621.5,3709.3,4933.1,5716,5459.8,7362.9,8581.4,4454.6,6147.6,5876.7,8763.1,6047.8,6049.6,3811.5,7982.9,10881,7993.5,6792.2,14271,13192,8967.1,10906,9184.9,6722.3,6011.7,3558.8,8639.1,7939.8,7196.5,6374.7,6631,6981.5,4075.7,5965.9,4275.6,7512.8,7178.7,5980.7,7115.5,7787.8,11137,7075,5869.4,4330.9,6960.2,4579.1,4066.2,6209.5,8778.8,4053.9,5608.6,4198.6,11202,5755.1,4131,6697.7,6400.1,10222,7812.6,3572,6507.2,5960.6,3161.6,2112.7,7636.4,8012.1,6997.8,7736.5,2652.9,3996,4423.8,3910.7,7790.2,6012.3,12830,6700.8,7920.2,2454.1,2547.2,2929.5,5824.2,3843.2,7117.1,4166,6279.4,4598.1,11687,6742.9,6364.9,6782.1,9366.8,5949.2,7163.7,6415.7,7702.4,6496.4,7490,8761.9,6897.7,7289.8,7929,4684.2,6711.7,6634.5,6604.9,6321,5119,7984.1,6167,5379.1,6050.9,6925,6465.5,7213.4,4261.7,6335.1,5805.8,6830.5,7601,11385,21002,10932,6813.8,6745.3,7602,6900.2,7608.4,5774.5,8070.7,6521.1,8970,9652.8,10914,7703.8,7227.4,9299.4,6393.5,7759.7,6913.3,6823.2,11418,10137,9093.5,8452,6713.2,8265.6,10189,7085.7,6443,11961,8608.9,9176.4,9906.6,9272.7,7063.3,6666.3,11046,10082,6207.4,9416.5,10841,7774.5,9101.1,8333.7,15030,11599,8346.7,8038.3,7343.2,13066,5877,6539.2,9544.6,4429.8,3995.6,5264.3,6199.7,3868.4,4064.8,3460.9,4056.3,3108.1,6683.9,4768.4,5495,5259.6,5575.9,2817.9,5501.8,5679.7,4933.8,9146.3,11051,7426.4,6211.6,9345,13678,8624.2,4966.8,4149.2,5187.7,4943.2,8043.4,6438.4,10473,4766.1,5815.4,6996.7,8074.7,5710.6,7280,5221.1,7025,5459.1,6374.6,7133.2,7307.8,6109.8,9478.9,5929.6,8286,14617,8743.7,8866.6,13432,13733,13882,11471,10603,9655.1,8460.9,9917.8,10516,10117,10834,12168,9882,7047.6,8028.4,8524.4,6926.2,9004.9,9419.5,10375,6784.1,4382.5,3689,6582.8,2988,4036.2,3214.3,5492.5,5495.3,5704.1,7217.8,8501.9,6536.7,2961.9,5316.7,7424.2,4244.3,4964.1,10638,6724.2,5779.5,3844.2,5609.2,10749,6774.7,6843.9,7829.9,7747.4,8691.4,6498.1,10
5072.5,4684.6,5366.4,4938.4,4945.5,4568.8,4606.7,5643.4,5048.8,6620.6,6975.5,10069,7498.7,5375.9,5210,5695.4,8594,11277,10484,7497.1,6263.5,5880.8,4611.2,4693.5,4861.3,4925.8,4656,4328.2,4579.1,4970.7,5070.3,4760.9,5682.4,4359.8,4204.8,4439.3,4085.8,4891,4958.5,4627.7,5759.1,4780.3,5227.6,4693.1,5235.3,4821.5,4048.9,4184.6,4284.1,4079.2,4231.3,3748.2,3950.8,3263.5,3546.6,3550.4,3978.3,3566.6,4137.2,4469.6,5119.1,5582,6238.5,7112.7,5543.3,4697.6,5067.2,5037.2,5063.8,4189,4986.6,5481.4,4768.3,4024.1,4499.2,4294.7,5013.1,4794.5,4471.2,5064,5562.6,4780.2,4947.9,5207.9,4134,4381.6,4491.9,3713.4,4287.2,5348.1,4268.2,4002.7,4672,4648,5433.1,5481.7,5054.3,5074,6630.7,5878.5,6068,6061.7,6165.4,5771,5800.2,5252.9,6511.6,6054,4998.5,5065.2,4907.2,4846.1,5156.8,6066.2,5229.2,4923.2,4682.3,4997.9,7627.3,6205,4933.8,4753.7,4952.8,4878,4748.5,4890.7,6405.2,5350.9,4996.3,5652,4562.9,6248.1,4722.1,6177.5,4805.6,5929.5,5601.5,4697.8,5298.1,5634.1,4922.1,4291.2,4173.2,3985,4935.4,4434.8,4388.9,3682.7,4268.4,4104.3,3815.7,3668.9,3395.5,3099.9,3903,5273.7,5413,3957.1,4181.1,5068.5,5178.2,5664,6180.9,5462.6,5284.8,5150.6,5260.9,5047.7,5129.4,4495.1,4680.6,4529.6,3990.2,4458.2,5218.4,4836.8,4772.7,4872,4270.9,4030.3,3959.8,4334.4,3917,4633.8,4621.5,6013.7,5753.6,5316.5,5665.6,4461.3,4799.5,4439,4992,5127.1,4106.4,4228.1,4151.4,4586.1,4324.1,4263.2,5129.3,4881.4,4570.1,4618.3,5313.6,4111.4,4103.6,4492.8,3895.8,3568.7,4006.4,4246.9,4338.3,3606,4918.2,4881.9,5083.1,5396.9,4871.5,4813,4393.2,3733.6,4180.1,4345.8,4311.8,4618.3,4470.5,4321.3,4825.6,4093.4,3948.6,3894,3696.7,3792.6,3412.8,3343.5,4468.4,4793.7,4242.1,4209.6,3629,4949.2,4256.7,3955.3,4311.8,4588.5,4151.2,3924.7,3806.7,3718.2,4153.4,3694,3280,3273.6,4358.2,4292.3,3920.8,3569.5,3305.2,3823.1,4044.3,4435.3,4132.1,4265.3,4469.4,4650.5,4822.5,4207.5,4001.3,3603.6,4670.7,5054.2,5204.5,4827.2,4987.4,5581.6,4481,4560,4926.1,5406,6093.5,5249.6,5871.6,4897.2,5744.5,5125,4719.8,4684.6,4326,4398.1,3665.1,3716.8,3567.7,3361.1,3220.2,3490.5,3197,3490.3,4811.7,4657.1,10
2323.8,2314.1,2101.3,2101.8,1957.3,2406.1,1865.8,1927.7,2081.5,2064.7,1812.9,1903.9,2069.8,1983.9,1850.4,1867.6,2056.6,2193.1,2178.8,1955.7,1975.9,2037.9,1790.8,1728.1,2052.8,1726.9,1979.8,1942.3,1964.3,1963.5,1940,2155.6,2437.8,1797.3,1675.9,2089.6,2045.4,2014.6,1815.7,2174.4,2024.5,1904.6,2238.5,2343.2,2141.1,2164,2094.2,2829.2,2290.1,2248.2,2872.6,3572.7,3455.6,5993.5,7899.6,6127.2,7288.7,6025.7,4712.9,4970.2,4338.4,3297.3,3400.2,3404.7,3448.3,3412.3,3743.1,3784.8,4351.4,3130.7,3118.5,3224,3242.5,2593.7,2448.4,2532.1,2676.8,2843.5,2500.6,2392,2223.5,1810.4,2292.8,2184.1,2228.3,2163.1,2318.9,2352.7,2267.7,2186.9,2257.1,2115.1,2502.9,2774.2,2669.7,3366.5,4014.2,2838.3,5050.3,8459.3,7899.6,5910.4,8304.1,6861.8,6148.4,4129.5,5209.5,5580.5,5898.8,6441.2,4006.9,2887.7,3030.3,2958.7,3227.7,2948.3,3349.5,2116,2617.6,2524.9,2269.1,2882.4,2525.2,2177.5,2794.7,2312.3,2346.5,2192.5,2529.8,2728.7,2062.7,2239.3,2118.2,2180.2,2862.3,2513.1,2985.2,3868.8,3866.4,4667.5,6411,8401.9,7153.7,6218.6,6879.1,7231.7,7124.5,7727,7077.3,4785.5,3388.7,4565.1,3448.2,3252.6,3433.3,2735.8,2585.2,2562.7,2868.2,2728.6,2380.4,2456.4,2578.5,2760,2178.4,2941.3,2232.9,2391.4,2309.5,2086,2265.1,2170.3,2085.2,2022.1,2118.3,2106.8,2421.2,2441.6,2693.4,2722.8,3374.1,2940.3,5277.8,5542.8,7219.3,7593.4,6946.8,5406.8,8356.1,7420,5413.8,3831,3170.1,2811.3,3501.2,3014.8,2668.5,2592.9,2633,2486.9,2588.3,2905.8,2505.1,2191.6,2704.5,2772.4,2949.8,2977.3,3209.2,2669.7,2106.5,2375.4,2538.7,2638.3,2102.8,2225.3,2005.4,2145,1994.5,2321.4,2087.7,1915.2,2030.3,2027,2168.1,2007.1,2141,2205.3,2041,2288.8,1974.4,2328.7,1619.3,1978.2,1881.5,1670.7,2169.8,1986.9,1893.2,2275.6,2050.7,1876.8,2171.2,2324.2,2098.7,1909.3,2054.7,2125.4,1614.8,1893.8,2479.2,2121.9,2163.9,1938.5,2059.8,2105.9,1921.3,1831.2,2117.6,2079.7,1911.9,1860.1,2014.2,2071.2,1873.3,1982.5,2136,2199.9,1903.7,1971.7,1927.9,1983.7,1928.8,1958.5,2061.6,1789.1,1898.8,2340.3,2137,2070.6,2017.4,2024.8,2132.3,2010.2,2152.2,2132.6,2104.5,2199,1624.6,1844.1,1753.6,1938.1,2105.7,1848.1,1616.8,1991.7,2305.4,2027.8,2074.8,1660.9,11
3659.7,4063.9,4290.9,4058.3,4221.3,3939.9,4570.5,4267.6,4775.2,3526.7,4409.4,4288.2,4461.4,4103.3,4401.1,4464.9,4344.1,4858.1,4238.7,4322.2,4508.1,4510.7,4281,4203,4378.2,4495,4148.7,3810.1,3438.3,4001.4,4296.7,3515.4,3970.4,3850.2,3814,3709.9,4205.8,3701.2,3796.6,3707.9,4196.4,4174,3820.5,3759.2,3252,3385.3,3558.9,3416.7,3437.2,3668.9,3995.4,4295.9,3987.3,3878.9,3654,3624.6,3984.3,3607.7,3843.4,4118.5,3949.4,4128.3,3525.1,3653.6,3770.2,3599.7,3545.6,3911.6,4262.6,4137.9,3765.5,4437.8,4699.7,4681.3,4764.5,4152.1,4711.2,5510.8,5679,6055.7,5576.2,7018.6,7884.4,5616.1,6399.8,6720.2,6040,5230,6000.7,7163,8781.2,5836.6,6247.9,5494.7,7207.5,6684.6,6646.4,5209.1,4785.1,6387.7,6347.8,4968.3,5767.9,4241.6,6400.3,4743.1,4942,3971.1,3790.7,4366.4,3975.5,4364.3,4950.9,4620.1,4352.2,4265.1,4011.3,4295.6,4322.1,4308.9,3849.8,4534,3564.8,3846.6,4020.9,4269.4,4202.5,4039.2,4024.3,4082.3,3748,3732.6,3472.2,3446.4,3544.4,3597.9,3559.4,3904,3721.6,3341.9,3206.8,3660.9,3714.1,3615.7,4218.9,3612,3959.5,4081.1,3957.1,4489.9,4277,4822.7,5210.7,5966.3,7491,7217.2,8744.1,5729,5634,6549.6,9181.9,7536.8,6562.9,6914.8,7395.8,6395.1,6976.1,7665.6,6956.8,6129.6,7099.8,4907.5,5996.9,7321.5,5892.4,5379,6029.2,5831.4,5653.7,4917.3,5243.7,4366.4,5236.3,4592.3,4908.9,5290.3,4732.1,4822.8,4291.4,4670.9,4017.8,3953.9,4171.5,3818.4,4065.3,4241.6,4362.6,4076.3,3940.4,3918,4266.2,3865,3861,4013.3,3358.1,4132.7,4235.6,3823.5,3618.8,3922.3,3706,3708,3606.2,3961.2,3813,3708.6,4204.9,4178.7,4027.3,3600.3,3642.4,3629.8,3782.7,3780.1,3763.5,3923.3,3753.2,4610.5,4237.7,3946.6,4054.9,3492.8,3647.8,3674.9,3342.3,3778.8,3908.3,4188.1,3622.4,3457.7,3665.5,3856.4,3929.1,3391.1,3513.7,3766.5,3525.2,3572.2,4715.1,4702.1,4567,4955.5,4635.2,4307.7,3896.9,4334.3,4414.9,3791.7,5078.4,4554.7,4480.4,3893.8,4262.2,4527.6,4110.6,4150.4,3858.2,5391.6,8233.7,8682.2,8341.3,6842.3,8489.9,9822,7428.1,8093.7,7706.3,7397.1,8060.9,7278.9,6984.1,6688.3,6047.4,6333.3,6330.1,5031.2,5379.3,5164.9,5095.9,4699.2,4777.8,3979.3,4373.8,4283.3,4413.8,4067.7,4013.1,3966,3502.7,3812.5,11
5738.6,5818.5,5386.4,5092.3,5482.7,6231,5750.8,5685,5406.1,5082.3,4955.9,4352,5254.2,5216.4,5644.9,5023.9,5239.4,5982.7,4473.6,4562.3,5377.6,4650.2,5427.1,5995.6,4886.1,4883.3,4751.9,5292.4,5149.3,5726.7,6285.6,6065.2,6424.5,6388.9,5559.2,5229.3,5557.7,6457.4,6065.4,4687.3,4734.4,4587.7,5287.6,4635.1,4527.6,5633.9,6458.7,6159.8,5810,5671.1,6626.9,6479.7,5951.9,6820.4,6594.3,5747.6,5891.2,6075.4,6635,5536.9,6117.2,5564.6,5848.7,5601.1,5788.1,6250.4,5396.7,5807.4,5404.1,4743.6,5619.3,6306.6,5316.9,5432.5,5460.2,6251.3,5139,5540.3,5587.5,5292.8,4807.1,5394.6,5140.8,4689.7,5511.4,5360.8,5953.6,5872.8,5847,7474.6,6626.2,7164.2,6740.9,6574.1,6843.2,6427.6,6196.4,7236.5,6526.9,6768.1,5386.7,6491.5,6258.3,6024.6,6396.1,6650.6,6440.7,7359.3,7247.9,7308.1,7152.5,7827.8,7160.7,7309.4,7981.3,8054.2,8666.6,8081.8,6791.3,8574.4,7056,6771.9,6843.6,6726.2,5963.9,6522.9,7373.1,7221.9,7264.5,5887.4,5151.9,6913.4,6284.8,5407.3,5199.1,5644.3,4745.6,5657,4845.3,4736.8,5031.6,4955.1,4318.6,5422.7,5611.5,4567.7,5437.3,5113.1,4993.7,4436.5,4648.4,5459.3,5680.8,5174.8,4671.5,5518.7,5293.3,4927.6,4983.3,5791.5,5718.5,6210.2,5543.6,4529.3,5226.5,5387.2,5322.1,4866,5105.6,4643.6,5569.3,6210.8,5184.8,4913.2,4802.1,5005,5058.8,5280.8,4683.2,5229.2,4567.9,4305.7,5247.9,5375.1,5898.5,5012,5445.6,5570,5295.3,5419.5,5410.2,5697,5561.4,4982,5214.8,6386.7,5700.7,5883.3,4959.9,5147.3,5693.1,6333.4,6870.6,6160.3,5518.8,5617.7,6448.1,5964.7,6554.6,5201,7707.5,6117.9,5818.2,5056.7,5929.3,6536.9,5656.5,6697.8,7568.2,6796.9,6960.5,7854.4,6460.5,7009.6,5892.5,6111.2,6500.7,7917.7,6486.7,6857.2,7259.8,7124,6981,7905.5,6816.1,5479.2,5477.5,5168,6095.5,5961.7,5659.6,5572.2,6272.9,6528.4,6090.3,5543.1,5032.7,5528.8,6939.9,6240.6,5685.7,5207.6,6023.5,5563.4,5280,4483,4810.4,4865.3,4487.3,4717,4554.1,5545.1,5812.6,4422.7,6272.8,5441.5,5322.3,4911.9,5213.3,4587.8,4520.6,4611.6,4967.8,5636.9,4976.9,4851.1,5919.4,6183.8,5934.6,5755.7,5214.7,6141.2,6337,6431.7,8222.3,9748.1,7761.4,7677.7,7374.1,5936.9,5642,5507.9,5818.2,6710,6513.8,5623.2,4935.8,5251.7,5482.5,6439.4,11
5360.2,6644.7,8896.4,8625.5,6573.2,4975.2,8571.2,6106.2,7479.5,9182.4,6612.6,3857.8,6408.8,13041,5593,5651.5,7927.9,5903.3,4623,5348.7,4120.8,4013.8,4870.4,5966.1,4205,3972.7,3187.2,5304.9,4232.3,4658.5,4181.9,7885.6,5888.1,6260.7,5876.3,5814.1,9773.5,3857.5,6079.2,9703.1,22393,18861,21924,27654,31264,46836,72716,90065,86949,56809,37222,33903,29514,21709,21663,41847,47194,65160,58989,55365,41289,41994,25564,24666,18488,16898,15398,12840,14559,11242,12648,14111,12304,10876,9165.8,8505.9,6364.4,8252.8,7642.2,7468,7070.1,6537.7,7609.6,5818.5,6841.4,5523.1,4501,5473.3,4123.5,6908.8,9518.5,5672.6,5754.1,5330.7,8946.4,8288.5,6137.9,7674.5,3465,5956.4,5488.9,4486.3,9357.1,4934.5,7905.4,6721.8,5582.1,7175.1,3255.3,4416.5,7415.9,7590.2,3957.9,4856.7,5120.4,7486.9,6567.3,6177.9,4536.4,2928.1,4511.3,7734.4,4116.6,4056,3931.1,3366.6,5924,9317.7,27242,26944,31916,40020,54868,72206,85755,1.0504e+05,1.4527e+05,1.2435e+05,91412,66758,60291,42164,31583,40735,88154,1.11e+05,70896,61963,67927,60820,47153,29250,21614,22039,18941,16326,15934,14819,16574,13435,11124,11496,12408,9540.4,7875,8228.2,10433,8121.3,6161.2,5325.9,5797,8617.9,6886.2,8012.7,6765.5,4463,8276.8,4286,6352.6,4921.7,5576.4,4603.9,4365.7,4568.9,5031.5,3798.7,4080.8,3841.5,3557.9,5530.7,3921,6229,6997.8,7626.7,6068.3,6782.2,5188.2,3302.1,3400,4247.7,6211.1,6208.4,5485.6,5609,3463.8,5511.2,5273.7,7818.2,15442,20298,22517,32703,32160,42288,64468,81281,1.4686e+05,88323,65116,43790,35321,27712,26215,51928,69273,54665,53813,41905,36118,28016,20009,19132,15015,12744,14322,11977,11478,11057,9804.3,9190.6,10273,11064,13447,13773,16062,14392,12144,13649,12583,9531.8,11002,13828,12012,10039,9909.7,6969.4,6907.9,8790.4,7701.8,6528.6,9270.4,4756,3794.8,4143.5,4816.6,3869.4,4425.7,4834.9,4493.7,3241.6,4423.8,5879.1,3031.4,5919.8,8046.4,7388.7,7097.8,7936.4,5010.6,4852.3,7779.8,8161.1,15400,13650,16475,28464,25833,17829,17114,17161,12906,15540,16505,16875,13322,14038,13489,15664,22801,25672,11
2982,3167.4,2835.2,2965.2,3101.1,2989.9,3074,2811.6,2565.2,3038.5,2748.5,2623,2442.9,2407.8,2710,2739.2,2726.5,2926.9,3053.3,2839,2986.5,3686.8,2968.3,2939.8,3008.8,4059,6425.1,5660.9,6569.1,5876.3,5779.4,6107.2,6948.5,7881.3,7798.6,6519,5213.4,4827,4911.5,4590.8,5899,6103.9,5804.4,4952.6,5385.1,4839.5,5132,4636,4656.9,5124,4395.5,4069.7,4232.5,3950.8,4129,3558.4,3431,3512.3,3873.2,3371.7,3349.8,3229.1,3232.4,3254.6,3615.3,4901,6654.3,7380.2,6861.4,6718,7987.3,6680.8,6783.3,6431.9,5732.3,6219.1,7317.1,6418.2,5515.2,5352.8,5089.2,4730.6,4135.4,3605.5,3308.8,4073.1,4099.1,3875.8,3739.5,4152.9,4759.4,4279,4004.9,3420.7,2990.1,3519,3582.5,3269.4,3803.2,4950.3,6745.9,8152.6,7483.5,7287.2,8235.7,8420.3,10121,10690,9679.7,8788.4,7653.5,7015.3,6980.1,6697.4,5700.2,5223.2,5261.7,5075.5,4486.7,4849.6,4461.1,4701.7,4378.8,3403.2,3597.1,3702.6,3588,3681.3,3247.3,3235.3,3651,3699,4313.8,5303.2,6875,7117.8,6827.7,7273.6,8502.9,9304.6,8714.6,8152.2,7722.1,7278.5,5353.4,5004.5,5599,5494.3,6162.3,6504.2,6459.2,5600.5,5172.3,4478.6,4751,4347.6,3846.8,3974.7,4424.6,4302.8,4089.8,4207.9,3980.3,4406.4,4616.5,5273.5,7207.2,7422.9,6944.1,6860.4,7289.2,8243.7,6846.5,6551.9,6958.7,6425.2,5474.8,4942.8,4667.6,4955.9,4586.6,5613.7,4789.4,4595.5,3918.2,4420.5,4533.4,4572.3,4129.6,4032.7,4647.4,4549.6,4787.5,4730.3,4676.5,4215.9,5022.9,5779.1,4887.8,5073.4,5992.4,7042.8,7225.2,7158.3,8257.1,7922,7323,7519.6,7801.2,5118.3,5114.6,5753.1,4759.3,5263.1,5080.8,4444.7,4407.3,3832.6,4061.5,3909.6,3789.3,3842.3,3449.5,4017.7,3591.1,3344.1,3096.9,3373.6,3304.4,3066.1,3164.1,3464.7,3424.6,2995.4,2785.7,2872.2,2873.7,3231.3,2853,2745.1,3126.4,2716.2,3267.8,3106.2,2756.2,2873.7,2777.1,3026.3,2706.6,2729.5,2766.5,2568.8,3007.2,2747,2731.6,3040.1,2688.4,2570.6,2902.1,2905.2,2897.2,2929.8,3093.5,3022.1,2981.3,3131.8,3123.2,2971.6,3448,3674.3,3512.1,3222.2,2906.8,2834.5,2793.9,2696.6,2881.8,2966.9,3344.3,3377.8,3340.9,3388.5,3366.3,3565.8,4053.9,3854,3244.8,3511.1,4523.9,4654.5,3855.8,3454.9,3176.6,3014.3,2704.1,2955.1,2685.9,2658.6,2840.8,2543.6,11
5525.8,6336.8,6272.6,6265.6,7167.4,5625.1,4739.5,6419.4,6581.4,9408.5,24585,19037,22977,17361,9931.6,7167.8,6411,6321.1,4347.9,3728.2,3892.9,5661.8,13467,22867,28065,27217,10609,8128.2,6623.4,7634.8,6181.8,6024.4,4647.2,4282.8,8720.8,9599.6,7982.1,8460.9,8364.4,6169.5,6430.3,7323.1,10378,11424,5587.6,4437.1,4746.6,4219.8,4931.7,7770.1,12032,10796,12447,10634,4299.3,3588.7,4620,4441.9,6153,5628.5,5176.5,6235.1,6728.9,7421.4,6996,4288.1,5212.5,5207.7,4575.8,3930.9,4235,7595.3,10170,8799.8,5282.8,4214.8,3975.3,4232.9,4940.5,5500.1,7090.5,10680,9781.1,9983.2,9374,6313.7,6214.4,5620.9,4910.8,5958,10613,4753.8,5174.3,4369.5,4142.1,5664.9,6547.7,7036,8684.8,6832.1,4830.4,4680.8,4717.1,5301.8,5696.1,3912.6,4763.4,6105.4,6432,6558.3,5220.8,5538,6217.1,6065.8,6365.7,5945.7,7417.5,10784,14796,7458.4,5370.4,4923.1,4666.1,4811.9,6950.1,4496.1,6567.7,8302.5,9075.4,9641.5,13342,12553,7032.2,7033.5,5588.3,6688.9,6940.1,5882.4,5385.4,4396,5208.5,6344.3,8183.3,5313.3,5838,4942,4455.7,4784.6,4747.1,4200.6,4097.3,6284.5,10129,11956,9772.1,9832.5,11534,15500,10331,9269,11797,21884,25630,12842,15444,21380,11005,9038.9,9896.1,6441.6,4806.1,4396.4,4447.9,5859.2,6658.6,5920.2,4365.5,5059.7,4894.8,3789.3,3403.9,3523.5,4836,4795.1,3556.1,3989.3,5162.1,4591.1,3640.7,3949,3323.1,4135.2,4257.6,3592.5,4434.1,5681.5,17467,32227,37107,13283,6794.4,5671.5,5085.8,5325.3,5308.5,4397.4,3498.7,3985.9,5698.7,6379.3,4923.9,5468.7,6119.5,4979.6,4864.7,4190.6,3442.2,3711.7,4601.1,4806.4,5563.4,7204.9,7613.9,5577.8,5067,15626,6853.5,13513,37654,24236,7710.6,5466.2,5840.1,6541.8,5354,4208.6,4862.2,5618.5,5584,4715.7,6491.5,7047.3,6425.3,6449.2,4968.2,3797.3,5714.1,4412.8,4175.4,4947,5852.5,4312.1,4361.5,4778.2,6530.1,6117.7,14134,21683,28783,34784,18969,9883.2,8170.1,6326.6,5071.9,3927.2,4199.6,6256.6,6405.5,6231.4,4455.1,4643.3,4743.5,4858.9,4437.7,4850.7,4596,4876.3,7146.8,6025.5,4559.7,4282.2,6087.9,4750.6,4706.8,4901.3,4549.6,4105.6,8386.9,18205,40916,46844,23850,9006.4,7478.6,6637.9,5455,4010.6,4461.8,4854.5,21
1819.7,2770.2,2164,2747.5,4257.7,2636.5,1873.6,2897.1,3316.4,2373.7,4275.5,3971,2027.3,2271.2,2295.6,3639.4,2347,4675.7,3309.4,2117.8,2246.7,2392.2,3017.4,2501.2,4327,3463.5,3390.8,2898.6,2423.3,2059,1942.2,2067.6,1873.7,1943.8,2040.3,2028.4,2059.6,1711.5,1868.4,1890.5,1530.1,1244.5,1431.2,1682.2,1470.1,1645,1413.6,1461.4,1597.4,1618.7,1715.9,1968.8,1944.2,1885.2,1898.8,2540.2,2163.7,2114,2779.5,2533.5,1988.4,1864.9,1855.8,1901.8,1784.2,1553.5,1490.9,1540.4,1378.8,1630.5,1643.4,1560.5,1591.6,1873.2,1697.3,2185.4,1725.3,1829.6,2053.4,1861.3,1786.5,1765.5,1630.2,1733.2,1641.9,1328.6,1819.2,1712.8,1901.7,1633,1721.4,1829.5,1653.9,1914.2,1681.7,2111.5,1656,1695.3,1511.1,1502.4,1554.7,1603.3,1618.9,1549,1704.1,1654.8,1524.9,1541,1545.5,1562.1,1745.2,1593.3,1411.5,1463.4,1894.1,1560.9,1445,1532.5,1455.9,1544.8,1855.9,1945.6,1828.8,1572.9,1700.9,1446.8,1760.2,1452.8,1313.9,1533.2,2018.5,1803.1,1834.2,1736.3,1759.4,1766.4,1592.3,1449.8,1520.9,1759.7,1463.9,1671.5,1238.6,1660.3,1630.9,1249.3,1770.6,1624.8,1366.6,1382.2,1358.1,1423.2,1830.2,1655.8,1976.6,1859.4,1767.9,1569.7,1776.1,1712.9,2008.3,4025.9,5040.1,4206.5,2970.8,2646.5,2178.4,1807,1919.9,1815.8,2062.4,1691.1,1718.6,1700.7,1701,1480.3,1462.5,2053.8,1530.3,1605.2,1577.1,1634.8,1704.4,1778.8,1555.9,1376.1,1438,1343.7,1835.1,1593.8,1436,1409.9,1596.6,1739.1,1736.6,1672,1441.5,1904.9,1508.5,1676.4,1800.9,1606.4,1531.2,1215.7,1244,1917.3,1840.4,1580.9,1595.6,1887.1,1861.8,2073,1885.9,1873.5,1848.9,1826,1578.1,1409.5,1474.7,1579.9,1720.7,1423.1,1448,1736.5,1607.4,1610.9,1711.6,1776.7,1598,1622.7,1443.1,1525.7,1618.7,1461.7,1659.8,1205.8,1442.4,1484.5,1549,1515.1,1441.1,1520.4,1662.1,1851.4,1528.8,1904.2,1565.3,1394.2,1736.8,1459.1,1306.6,1641.6,1365.4,1604.5,1467,1559.8,1379.1,1373.9,1341.1,1510.5,1903.1,1597.9,1540.7,1559.9,1593.2,1385.6,1559.3,1499.4,1318,1674,1575.3,1292.1,1545.6,1542.1,1286.6,1500.2,1512.5,1444.3,1704.3,1756.3,1584,1602.1,1464.6,1485.7,1510.2,1854.1,1660.2,2016.6,1968.1,1495.2,1465.3,1321.8,1611.5,1640.9,1541.7,1493.7,1985.2,1352.8,1118.1,1231,21
5024.8,5746.6,6914.3,5302.9,6811.7,5658.3,6188.2,5985.5,5409.2,4280.8,6426.4,5433.1,10576,22968,37600,26335,25126,22509,10160,7709.6,9256.4,6605.9,6124.9,7570.5,7435.7,8597.1,5042.7,4846.9,6201.2,4024.8,6103.5,5027.6,6321.4,4506,4207.8,4241.2,5348.7,5480.3,5124.2,5380.3,4838.3,5674.4,6082.3,5530.1,4903.4,5008.8,6347,5646,6095.6,4606.5,4719.3,6728.4,4669.6,5363.1,4709,4497,4833.5,5569.3,5881.1,5641.3,4688.1,5996.8,7656.8,7465.9,4715.2,5657.2,4755.6,4558.9,4343,7713.6,37793,30072,12460,6472.4,6968.9,5332.2,6785.8,4996.2,5294.1,5961.9,5440.9,6560.3,4024.2,5337.1,3834.8,5064.5,5398.4,3963.8,4550.9,4746.4,5933.8,5720.1,5225.2,4694.3,5891.6,5277.9,4516.8,5246.5,4626.5,5079.9,4475.3,3999.3,4618,4096.2,5297.4,4983.7,4715.3,5342.5,4842.8,5496.7,4496.6,4241.2,4808.5,4755.1,5283.8,5303.3,5255.6,4779,9142.9,16558,30304,21987,26414,21765,8459.5,6950,7310.4,8062.8,5489.2,5705.2,4695.2,5129.3,5483.5,5645.8,5309.3,4860.9,4565.4,4857.4,4766,5734.6,5640.1,5438.9,4170.2,4707.8,5130.7,5524.9,4638.3,4744.7,4895.2,4794.7,5422.7,4802.9,5989.1,4604.6,5159,5589.6,4679.2,5826.2,4713,6069.6,4229,5012.2,5346.6,5012.5,5305.3,4366,5266.6,4989.7,4539.5,5313.4,4729.9,10583,21273,15957,11280,10835,5943.2,5763.4,6921.1,5393.8,5877.5,4980.3,6107.6,5379,5017.8,5710.2,3532.6,5663.4,4370.6,5494.7,5728.2,4603.2,5107.4,4874.3,5642.4,5050.8,4924.8,5207,5322.1,6219.6,3935.4,5837.7,4684.4,6087.1,4231.2,5320.6,7354.3,5358.2,5466.8,4376,6749.2,5183.7,5951.5,5532.7,33496,41912,15721,7949.3,6977.8,5542.8,4436.7,5433.6,6742,5149,5248.1,5037.7,4315.5,4935.6,5119,6256.9,5739.7,6442.9,5152.5,5354.9,5854.5,4464.1,6311.3,6010,5246.8,5443.3,5589.5,4819.1,5294.1,4973,4123.9,6289.9,4788.1,4738.2,5324.4,5043.5,5512.9,4224.9,5610.7,5322.9,5295,7496.2,15654,31965,24039,21482,29036,11396,8000.2,6498.2,7150.7,6960.5,6410.7,5670.2,6594.1,5093.7,5854.7,5442.3,4790.4,6294.3,4190.5,5070.3,5540.2,5860.2,4680.5,4663,4613.1,5208,6032.1,4443.5,6218.1,5470.9,5836,5078.5,4837.7,5246.6,5158.8,5503.2,4962.8,6356.7,5279.6,4665.7,28722,41158,18426,10031,21
1661,1464,1715.8,1341.9,1427.1,1593.6,1874.9,2021.2,1615.6,1611.3,1577.6,1530.3,1831.7,1801.3,1793.6,1591.8,1622.2,1765.8,1682.4,2069,1989.9,2251.9,4959.1,12044,19888,17507,9425,5303.6,4499.9,2839.7,2858.8,2201.5,2010.2,2152.7,1885.6,1808,1662.7,1433.6,1449,1565.6,1437,1478.3,1506,1585.5,1932.8,1774.4,1952.4,2196.7,2052.6,2470.8,2154.7,2232.9,2417.9,2183.2,2227.2,2224.7,2258.3,2340.2,2330.5,2000,2019.9,1805.7,1904.9,1673.2,1909.1,11828,17441,18902,20582,12244,8480.7,6665.3,4266.5,3679.5,3350.9,2786.3,2284.1,2574.9,2558.4,3001.5,2806.2,2705.2,2672.1,2916.5,2766.9,2552.6,2456.6,2978.5,2300,2568,2752.1,2880.8,2549.4,2526.6,2397,2498.9,2767,2872.6,2865.7,2726.3,2637.2,2760.8,2929.6,2686.1,3089.7,3051.8,3636.2,6052.6,10466,14316,8085.5,5342.9,4533.3,4457.2,3827.2,2899.1,2671.9,2621.2,3270.2,3087.8,2842.6,2769.7,2942.8,2727,2562.3,3371.4,3189.3,2880.6,2688.6,2998.1,3007.2,3062.7,2534.7,2697.3,2922,2882.1,2805.6,3048,2878.9,2622,2353.7,2737,2585.4,2819.2,2684.9,2864.9,3101.7,12899,26742,30645,21831,13597,9057.7,6580,5149.8,4127.2,3224.6,2915.4,2614.5,2599.2,2531.4,2537.3,2317,2236.8,2746.7,2435.8,2441.4,2360.4,2218.5,2609.5,2392.9,2268.7,2000.3,2019.7,1897.4,1853,2043.5,2223.8,2688.4,2389.6,2610.5,2220.3,2174.2,2788.1,2860.9,2460.2,2507,2093.6,2735.6,4535.1,7149.7,12880,20010,18549,17320,11205,8017.6,6415.7,4205,3735.6,3413.8,3101.2,2945.9,3058.4,3595.3,2356.6,2092.6,2292.8,2325.5,2523.6,2489,2530.7,2252.6,2112.6,2062.7,1729.2,1898,1994.5,1805.4,1987.5,2078.1,2056,2095.7,2199.8,2337.4,2264.9,2155.6,2187,3082.7,3883.3,9950.7,18286,19372,17009,9041,7613.1,5826,4113.9,3280,2646.3,2800.6,2633.6,2404.2,2181.3,2672.9,2127.6,2006.5,2525.6,2452.4,2318.1,2684,3443.7,3879.8,3179.2,2518.6,2281.9,2289.5,2638.3,2864.3,3048.8,3418.1,2424.5,2189.1,2053.1,2663.1,2912.7,2982.7,2527.1,2113.4,1953,2151.8,2554.1,2602,16471,21742,14895,8927.1,6687.6,4916.6,4038.7,4448.5,5167.2,3612.6,3701.5,3538.5,3948.9,2959.1,2844,2859.3,2554.3,2569,2606.8,2326.4,1871.8,2128.3,1995.1,1898.1,1899.7,1945.7,2149.5,21
1175.3,1116.5,1323.9,1259.8,1070.8,1244,980.5,1085.6,1258.1,891.74,889.14,1163.3,1229.1,1296.5,1215,1322,1247.1,1233.1,1258.4,1034.3,1329.1,1545.9,1306,1547,1070.8,1414.6,4793.8,16015,19171,19357,10130,4888.9,3925,3049.7,2755.6,1997.8,2253.3,1984.9,2066.2,1929,2001,1921.7,1831.6,1802.9,1601.2,2124.8,1761.1,2364.6,1924.5,1646.2,1800.9,2411.1,1619.7,1896.7,1479,1649.3,1885,1947.2,1502.2,1419.1,1936.2,1509.6,1481.9,1704.4,1291.9,1755.9,1096.6,979.43,1040.3,1138.9,1162.9,1114,1146.2,1217.9,1215.6,1171.3,1057.8,1331.9,1108.6,842.03,1110.1,897.03,961.17,1034.7,931.3,849.34,920.62,894.38,944.74,615.32,806.29,926.23,945.64,852.64,945.74,903.67,1207.7,1137.5,1206.3,1273.1,915.93,1112.7,884.78,1360.2,952.94,1336.5,1021.7,1279.8,1077.7,1254.8,972.6,1040.8,864.71,974.9,906.53,1397.6,987.62,1071.3,1032.3,964.24,905.39,1267.2,1222.6,1267,1203,1138.3,1113.4,1000.1,1077.9,1057.7,981.64,842.23,1219.8,960.16,1168.8,1182.6,1024.4,1165.2,934.97,1203.7,1049.1,1250.9,1051.1,1234.7,1150.1,1013.7,938.4,884.75,764.17,848.63,879.54,742.05,817.84,731.07,724.29,719.82,731.15,898.23,808.33,762.88,638.86,706.12,784.11,770.26,832.17,862.78,737.03,696.22,644.76,751.27,719.06,626.63,747.44,713.24,752.83,586.96,731.89,541.48,718.15,625.97,650.07,603.96,674.59,682.33,756.85,1004.5,599.19,832.85,642.88,797.02,665.44,970.13,687.62,724.61,631.5,744.42,657.94,764.61,648.26,629.44,686.19,603.14,563.13,640.19,696.85,795.22,876.69,750.71,756.67,732.01,713.62,765.1,735.46,706.88,590.35,763.56,715.5,887.81,754.03,757.43,644.26,823.14,713.57,662.76,700.78,5290.3,15017,14674,13483,6755.1,2755.7,1997.2,1541.4,1212.5,1076.1,925.55,972.7,837.52,959.6,997.68,789.12,698.3,706.17,726.26,695.16,621.15,826.33,720.93,707.78,594.21,654.07,771.43,751.96,620.85,723.92,557.93,652.3,696.99,657.5,671.96,623.5,734.38,712.7,720.41,1332.3,17717,16483,11831,15765,10621,13158,4390.1,2320.5,2054,1461.4,1260.1,1283.5,1147.5,1082.1,1050.8,991.47,779.57,838.47,705.02,802.67,815.75,633.82,727.81,708.68,647.99,631.75,619.41,712.04,716.15,586.07,606.62,522.97,623.88,692.64,765.08,21
3407.9,2533.9,3067.1,2522.6,1162.2,1485.8,805.74,1625.9,996.78,1008.5,841.22,757.26,631.92,832.48,771,621.28,439.13,641.13,541.98,827.1,656.01,627.73,646.05,1528.4,2913.7,4148.3,6273.3,5784.6,7842.5,6672.4,9413.7,7082.1,6862.3,4982.5,6902.8,4897.7,3420.8,4295.6,2892.9,2281.6,2546.1,2588.2,2765.6,2280.9,1463.6,916.33,1080.8,656.77,1024,1033,729.56,1069.1,757.79,1082.8,615.24,551.91,558.3,687.43,742.45,672.74,584.88,877.57,563.82,594.16,674.98,642.61,2639.4,3614.6,6064.6,9313.4,5253.6,6924.9,7886,7601.7,8562.4,9358.9,4772,5265.8,7406.3,3748,4076.7,4180.2,2322.3,3180.5,3081.2,2848.8,1993.9,2392.6,1401.8,1114.3,1278,1702.4,2012.5,940.67,1031.8,809.89,1052.9,750.88,898.42,824.12,781.49,1057.7,622.57,903.8,894.31,675.3,821.3,1041,2365.1,4454.6,4421.9,7153.4,6912.6,7322.4,8308.9,8863.6,9347.6,6853.8,6298,5391.3,10602,5850.2,5548.1,3064,2930.8,3165.1,3460.3,2573.2,2786.3,2214,1282.4,1424.2,2368.1,1852.9,1291.5,912.8,1197.9,881.56,1341.6,1275.5,976.65,1099.7,1197,1000.6,991.86,898.85,888.21,873.41,774.4,648.41,771.43,1450.6,2864.9,4894.7,5233.6,5397.2,6174.7,4506,8549.1,7227.3,6059.7,9221.9,8339.1,9055.1,8394.2,6285.7,5812.7,5241.5,3744.8,3056.4,2967.9,3963.6,1781.5,3416.1,1836.1,1545.9,2127.1,865.35,1899.4,1317.2,1240,1406.6,1360.8,1216.9,872.86,1470.8,1223.9,1205,1097.2,1071.5,795.07,982.8,797.3,867.79,797.64,620.38,1531.9,3249.5,2582.4,5681.8,4535.1,8117,7819.5,8963.4,10717,7070.4,13548,12980,9042,6007.5,6476.5,3395.8,4102.6,6576.9,3646.1,2489.5,3964.2,2751.2,2114.1,1933.4,2055.4,2060.1,2064,2402.6,1285.9,1532.2,1607.8,2335.5,4070.1,6818.1,6703.8,9784.9,7256.2,7111,10482,14345,6739.7,10708,8888.7,5485,6112.1,6309.6,3481.1,4673,4754.2,3702,1789.1,2315.3,3016.4,1761.7,2041.5,2092.5,1495.6,2606.6,2008.4,2234.3,4221.9,4038.2,6326.8,5850.7,7405.9,7856.1,7816.2,12581,6943.5,9716.2,9564.5,7262.7,4309.6,5421.3,2654.1,3061.4,4426.8,3872.8,1340.2,2615,1612.7,1989,1182.7,2233.8,2062,1016.1,1938.1,1527.6,1211.6,1195.5,897.85,841.25,1120.3,1099.5,914.87,963.88,546.59,834.99,1029.2,590.27,518.3,654.96,572.48,632.72,28
1691.4,1344.7,977.23,1256.2,1066.9,1026.5,1059.5,1010.1,1212.5,2452.6,2554.4,6365.9,8197.5,6824.6,7169.6,7814,8164.5,11290,12145,9296.1,12676,13668,11992,11613,7636.2,6610.6,8107.8,8177.9,7953,5365,4702.7,2917,5086.9,4042.7,3130.5,3753.6,3676.7,2487.8,2678.6,1679.4,2206.2,1637.3,2375.8,1685.9,1481.9,1996.6,2520.1,4622.4,5896.9,7696,5098.9,10381,14473,15425,16213,17844,14603,13778,10238,9700,14461,14983,5937.3,7016.8,9871.6,6015.2,5967.7,5931.2,8039.3,4899.1,3739.2,4690.7,4097.1,4501,4136.8,2342.1,1813.9,2940,2808.3,2194,2496.9,1504.8,1594.5,2242.5,2327.7,7480,4761.5,8539.7,11425,10494,12757,17810,16058,15212,14751,13896,10674,13609,8117.5,10722,8235.4,11031,8789.4,8766.1,8778.8,4670.4,4240.7,4309.3,5648.5,5244.7,5967.9,6215.1,5813.1,3944,3973.4,2347.3,2847.6,2145.4,2799.7,3155.6,2645.1,4084.6,4818,7941.5,7569.2,8021.6,13289,12808,12827,20824,15672,22208,18300,13694,10320,10252,11181,14392,9438.7,7919.2,8435.1,10234,6068.2,7692.2,8668.7,5848.2,7305,5195,3358.1,3133.5,4093.8,5413.1,2823,1678.3,2401.6,2456.6,2677.9,3351.2,4304.9,4536.7,7021.5,8387.4,9755.5,16113,14768,16258,15141,19103,16545,12276,13816,17389,15006,14607,10388,11383,9800.2,9370.2,11226,5708.6,6904.7,7408.8,5733.8,4656.7,6056.5,3853.9,4536.2,3142.8,2998,2392.8,2723.2,2729.5,2025.8,2680.6,4197.4,4546.8,9020,10712,10689,13536,17294,15116,16017,13970,14875,21830,17469,13166,14096,11334,8950.6,10543,9154.6,11101,9840.4,8331.6,12422,5818.7,6915.1,6857.9,3170.9,5770.8,3215,3802.9,4119,2658.4,3297.9,2462.8,2483.6,3841.9,3976,5273.6,8535.1,13515,21474,15947,20121,18554,19551,31735,25101,18263,15293,22716,20177,22307,23341,25153,14472,14108,11116,8748.9,10896,8559,8276,7047.8,6889.2,3675.9,4907.9,4271.5,3699.4,4394.2,4273.7,5165.2,3198.7,6862,11553,16432,23430,23743,55127,32428,50869,34203,41126,60981,31832,31521,37751,36224,28415,18434,17190,19396,15821,10170,10037,9374.6,13122,9005.9,7292.5,6550.4,5726.2,4338.1,4472.6,4704.2,3831.6,4385.2,3781.8,3432.5,28
1009.2,1008.8,674.05,824.67,910.96,811.56,822.86,728.87,649.44,624.97,603.1,631.86,605.93,696.37,653.83,1031.4,870.17,742.76,1101.2,1173.4,1303.8,1165.2,1255.6,1393.9,1364.6,1125.2,1291.2,1488.2,1050.7,1172.7,1063.1,728.7,828.75,727.31,921.64,863.88,823.23,734.73,753.26,824.32,715.52,814.45,594.8,605.69,622.94,633.14,610.68,686.06,514.7,727.65,780.28,755.45,988.56,1208,1097.5,1213.1,1051.8,1064,1264.9,1416.3,1245.7,1403.9,1334.3,1534.1,1188.4,1266.9,1156.1,807.85,1220.6,990.63,893.09,832.23,935.24,871.14,846.23,1151.4,776.51,1050.8,978.28,707.98,723.39,703.06,878.65,752.4,771.97,775.18,883.15,866.94,979.72,1434.9,1130.3,1819.9,1550.8,1664.5,1490.4,1846.8,1574.5,1665.6,1204.5,1251.4,1320.2,1057.7,1099.2,1068.4,1170.6,1032.3,1038.4,934.52,813.33,831.68,1031.6,914.78,1032.5,1143.1,1121.2,1116,1267.3,1363.7,1500.5,1772.2,1219.7,1644.8,1225.1,1839,1640.5,1470.6,1304.7,1020.5,1225.8,967.35,742.58,710.05,851.76,1079.9,1202,1078.3,1325.1,1223.7,1164.9,1251.2,1455.8,1596.5,1799.3,1472.3,1487.2,1192,1381.1,1029.6,1013.9,966.82,1117.8,1252,1113.9,1201.9,1353.4,1033.7,977.2,918.45,943.81,1146.3,1309.4,1393,1429.9,1186,1439.9,1205.8,1969,1574.6,1634.7,1321.1,1797.3,1448.5,1243.4,1101.4,1022,1265.2,1122.7,1082.3,1035.8,1225.2,944.47,1422.9,1228.1,1447.7,1356.1,1566.8,1456,1483.7,1743.2,2018.7,1687.4,1436.5,1690.2,1068.2,1211.3,1725.2,963.73,1021.6,915.43,1114.7,909.23,914.04,967.04,875.97,1170.1,1206,1308.9,1417.2,1745.6,1459,1555.9,1743.4,1072.3,1156.9,2120.6,1483.4,1426.3,1018.1,1355.5,1025.9,1017.2,937.39,1023.5,967.32,989.07,945.03,828.38,1381.9,1174.5,1450.5,1389.6,1576.4,1289.2,1414.3,1440.3,1831.4,1576.8,1614.3,1380.7,1584.5,1428,1546.3,1238.4,1132.8,1041.8,1221.1,822.58,958.47,1004.1,1018.2,1252.7,1575.4,903.82,1555.8,1595.1,2665.5,1435.9,1120.7,1498.1,1233.3,1561.5,1704.3,1571.4,1124.8,1141.9,1254,1340.5,1330.3,1045.6,1196.5,983.83,923.4,1177.8,922.36,1726.5,1589.2,1832.5,1625.3,1888.6,1739.3,2208.8,1312.1,1590.9,1830.9,1550,1736.9,1175,1181.3,1255.4,1334,967.74,976.87,908.41,1187,1109.5,1263.6,1525.4,1290.3,1241.1,1415.9,28
1396.2,1375.7,1380.5,1596,1561.7,1405.5,1525.7,1470.6,1518.4,1556.5,1693.7,1563.5,1398.1,1414,1440.4,1469.1,1854.8,1734.7,1417.2,1352.8,1766.5,1527.7,1884.2,1822.4,1683.4,1471.4,1410,1497.9,1592.1,1778.8,1629.1,1665.5,1594.9,1554.1,1672.5,1747.4,1809.1,1637.2,1241.3,1386.6,1483.1,1644.4,1746.2,1692.4,1558.6,1442.7,1406.6,1601.2,1798.2,1744.2,1410.8,1622.3,1371.8,1455.4,1794.6,1896,2007,1738.3,1779,1388.3,1495.8,1625.1,1584.3,1554,1474.7,1584.2,1567.3,1583.5,1679.1,1559.4,1543.6,1751.1,1577,1461.7,1401.2,1583.2,1442,1738,1612,1327.3,1554.5,1551.8,1580,1534.3,1762.1,1586.9,1609.4,1556.5,1553.7,1669.7,1532,1718,3188.9,4382,6179.4,8188.9,10060,11196,12284,14065,13247,11984,11403,7572.1,7294.5,13125,11778,7311.3,7607.9,4037.4,4972.9,2857.7,2455.4,4920,3733.9,2634.9,3056.7,2310.4,2652.9,2302.4,2003.8,2212.2,2256.3,1937.9,2295.9,1947.3,2089.4,1561.9,2023,1749.4,1715.3,1756.1,1442.5,1595.8,1442.4,1562.5,1463,1666.3,1573.5,1537.2,1574.4,1683.5,1349.8,1503.2,1626.9,1805.3,1742.6,1583.1,1695.2,1863.3,1642.6,1696.1,1573.4,1512.1,1543.9,1771.2,1674.8,1445.3,1830.3,1731.4,1646.7,1577.6,1584.2,1448.4,1558.2,1751.1,1673.1,1734,1298.3,1585.8,1727.9,1741.7,2276.9,1687,1643.7,1593.8,1546.4,1459.5,1877.9,2064.7,1624.1,1557.9,1398.6,1430.3,1666.2,2242.8,1806.4,1568.8,1638.6,1484.1,1580.6,1645.1,2195.4,1796.1,1783.4,1586.6,1413.1,1644.5,1853.2,2383.2,1841.7,1558.9,1630.1,1867.8,1726.1,1945.6,2098.8,1996.6,1953.4,2061.6,1931.6,1989.3,2084.6,2154,1933,1718.1,1916.4,2174.1,2117.1,2644.4,2327.9,2177.1,2307.4,2158.1,2407.7,1807.4,2133.6,1886.3,2135.5,2093.8,2093.1,1973.6,2421.3,2791.5,2271,2016.5,1978.3,1975.2,1818.9,1800.6,1772.7,1922.9,2147.8,2181.1,2118,1921.6,1784.7,1890.4,1666.9,1668.4,1814.1,1789.5,1768.8,1701.1,1587.7,1955.2,1998.4,2084.7,1914.3,1678.9,1772.4,1748.6,2001.1,2136.7,1798.6,1718.1,1447.2,1696.9,1579.6,1507.5,1587,1319.8,1561.3,1477.1,1533.4,1647,1689.7,1638.5,1723.4,1482.2,1756.5,1731.5,1717,1751.3,1703.7,1965.8,1663.8,1708.1,2097.9,3592.8,4626.2,6881.1,7849.1,11895,10682,12561,10445,15287,11959,12454,28
2085.1,2355.2,2002.4,1989.9,1400.2,1779.4,1762.3,1779.2,1887.1,2200,1519.7,2127.7,1924.6,1971.3,2024.7,1969.4,2104.8,1803.8,1584.9,2330.3,2590.9,2086,1796.6,1660.3,2185.7,2364,2551.6,1877,2454.9,2975.3,2790.4,2462.6,2001.6,1978.9,2057.1,2106.7,1666.5,1945.5,2399.2,2436.6,2202.2,2660.7,2099.6,2507.3,2568.7,3199.8,2289,1794.8,2501.6,1880.6,2572.2,2786.8,2030.4,3102.9,1653.1,2042.9,3068.3,2498.7,2663.2,2404.3,2558.9,2904.9,2161,2525.6,2572.4,2774.3,2935.7,1829.3,1954.6,2234.7,2306.7,2002.5,2236.7,2449.6,2326.4,2991.3,2268,2608.7,2599.4,2749.7,3275.8,2797.8,2077.2,2195.4,2615,2220.7,1982,2247.6,2595.3,2441.9,2090.5,2406.1,2232.9,2206.2,2337,2321.6,1946.1,2163.2,2084.2,4099.9,3039.9,2541.4,2560.5,2171.4,1575.7,2684.6,2525.2,2598,2154.9,2127.6,2576.5,2605.7,2367.4,2098.4,2361.6,2435,1746.1,2235.7,2615.5,2512.1,2356.8,2250.7,1885.7,2959.9,2143.1,2199.8,2012,2376.9,2628,2078.4,1874.6,2026.8,2037.1,1605.7,1657.1,1954.7,2282.2,1765.2,2508.1,2600,1783,1446.5,1822.2,2450.2,2268.9,2508.3,2191.2,2623.7,1855.7,1697.2,2494.9,2594.9,2017.7,2143.8,2358.3,2718.3,1942.8,2352.2,2073.5,2208.2,2186.8,2129.1,2395.5,1795.2,2762.4,2106,2200.8,2810.2,2342.6,2140.2,2638.6,1940.9,2357.8,2298.7,2635.8,2215.8,2204.6,2831.3,2147,2254,2531.6,2415.3,1836.5,1937.8,2107.2,2139,2128.3,2540.9,1961.4,1738.5,2576.6,2799.5,1905.9,2046.2,1964.2,2417.8,2533,2100.6,2121,1987.9,1612.4,2017,2541.3,2233.1,1863.6,2555,1930.7,1880.2,2115.8,3044.4,2050.6,2352.4,2061.5,1910.8,2911.9,2240,2297.7,2872.1,2038.1,1544.4,1447.5,2068.7,2298.6,2253.3,1900.9,2225.8,1687.8,2621.7,2556.5,2160.4,2488.6,2304.7,2382.7,2707.3,2361.3,2284.7,1835.5,2525.6,2218.2,2025.6,1825.9,2039,1997.3,2751,2518,2110.5,2145.8,2354.2,2802.4,3347.5,2857,2363.1,2456,2433.7,2488.5,2306.6,3033.9,2435.1,2428.4,2148.8,2771.2,1963.3,2852.9,3084.9,2364.8,2679.1,2191.8,2594.3,2876.5,2908.3,2185.9,2091,2401.6,2796.5,2538.9,2001,2409.6,2281.8,2220.1,1844.6,2562.3,2298.7,2355.1,2879.9,2380,1815.8,1773.6,2048.7,2037.4,2060.5,2593.2,2407,2113.4,2078.7,2731.9,2654.8,1689.8,1723.4,2150.3,2418.1,28
7650.9,3223.6,4182.2,7604.1,6205.5,7949.5,4801.5,5264.7,4594.7,4412.1,3782.9,6367,4855.9,7794.1,5519.6,4704.5,4575.2,4563.2,5200.9,5530.6,5992.4,4604,9635.6,13317,8458.4,17763,10161,8504.3,7508.4,6230,7585.8,6986.2,8660,8787.6,6276.3,8519.3,4985.4,4096.8,6216.2,4217.4,4595.9,3527,8534.1,6146.4,8291.4,5855.6,5723.2,9470.6,7151.4,7381.1,7433.8,4923.5,3332,4941.7,6485.4,5290.5,5732.5,4609.9,5288.9,5207.2,6184.8,9570.7,7429.4,5134.7,4062.7,3833.5,7788.6,7817.3,5327.8,4707.9,5889.7,4422.4,10712,7665.3,11857,9572.1,6231.6,7302.5,11417,10339,8225.2,6661,4289.8,6327.4,6070.8,3959,7722.4,7272.8,4141.6,9803.2,8997.8,9352.7,7985.1,7785.7,6479.6,4283.6,4794.5,5516.9,6886.7,6441.9,6961.6,4314.9,5979.6,5457.2,5364.4,7564,9744.8,9133.6,10828,7072.2,5432.2,8567.2,6318.9,6076.1,5225.9,7927.4,6093.8,10664,9489.6,8592,5897.8,7367.9,5022.1,7681.6,5253.1,3344.9,8921.8,8567.9,5829.4,4079.1,8141.1,5820.5,4786.1,9295.4,10009,10122,10708,4655.2,7325,7663.5,7015.4,6929,4308.5,5080.4,5282.2,11215,11268,14582,11012,7277.6,8031.8,8467,9638.1,6889.2,10750,7741.9,10181,7275.8,8107.2,6094,8402.4,4781.5,8248.2,5134.6,7209.1,5375.4,6372.1,6323.3,5020.7,4927.8,5089.7,5043,4958.8,6384.4,3909.3,6568.2,3662.1,6167.6,7440,7782.7,6336.3,3281.5,7257.8,5734.1,7140.2,6618.6,5650.5,5171.4,5817.7,9828.9,6238.7,8008.3,6180.2,7864.4,12163,8676.8,6765.9,7614.3,5131.1,6101.1,5440.4,5344.3,6395.9,7966,7248.8,5854.2,8692.2,5650.7,8324.2,5516,6859.8,3964.7,5738.2,5780.3,6434.2,7272.7,6113.7,7508.6,5922.3,6514.7,8357.7,8454.2,6436.4,4363.6,5381.3,7144.8,7162.9,5575.3,7796,8048.2,9637.2,8355.8,7292.2,5612.1,7640.7,5454.4,5078.3,5765.4,4661.1,5327.5,6179.1,8097.3,6884.4,6632.6,5364,6224.5,7075.5,7199.4,10161,11640,6617,7098.4,4030.9,4566.6,6825.4,7280.6,6267.9,3512.9,3117.6,3051,6394.6,6488.5,5893.7,5037.6,7820.4,6060.4,7234.5,5396.3,7668.9,6900.3,6606.5,10115,5659.9,4305.4,4588.6,7440.6,6530.4,11566,6056.4,9624.7,7273.6,8007.9,11933,9396.7,10762,6977.1,5410.4,10656,5030.2,5626.4,6013.2,5347.6,8253.4,3587.8,10370,6640.8,7589.9,5756.9,4784.3,6265.4,6
353.42,375.67,360.45,339.91,330.03,357.35,338.67,339.42,358.58,457.7,417.6,388.98,436.6,373.39,399.02,436.73,411.91,390.78,337.79,370.68,388.82,472.77,515.35,792,727.53,478.12,429.45,411.4,365.22,354.27,407.1,386.73,362.23,405.92,412.81,379.91,376.52,426.99,391.4,397.97,415.33,404.38,381.79,422.1,395.77,419.67,433.34,329.04,310.59,326.68,301.19,333.36,306.32,282.59,266.44,271.71,261.58,264.66,285.67,268.74,276.14,234.08,249.77,330.18,333.49,344.75,360.3,316.22,346.77,335.01,372.3,292.14,320.41,332.69,432.36,407.54,362.08,382.43,414.29,374.47,323.21,292.92,349.17,299.52,357.78,582.63,711.69,754.44,398.92,305.83,297.31,290.22,338.3,577.43,500.62,452.39,494.07,577.42,500.88,1106.4,790.67,486.07,522.86,443.76,1012.6,736.95,483.43,505.09,589.95,478.27,545.9,426.35,384.37,417.08,448.44,404.03,396.36,339.49,400.68,393.06,401.31,412.19,397.88,399.32,403.3,389.69,395.72,344.84,357.2,341.37,325.13,376.8,324.66,328.57,295.06,307.02,316.9,296.37,287.92,273.38,306.72,319.34,304.54,314.07,288.95,340.09,278.85,312.98,311.69,309.81,307.77,326.18,309.13,293.02,305.11,268.76,267.5,264.93,271.52,245.31,268.29,296.7,254.08,293.4,279.31,312.82,279.61,287.44,333.17,304.97,299.45,262.38,298.63,294.76,275.84,304.01,274.83,329.8,413.79,284.78,227.52,273.09,254.74,266.22,278.51,275.43,269.88,304.87,323.66,389.1,364.62,331.56,315.67,340.01,343.49,339.02,397.22,410.59,417.73,436.88,421.82,330.9,369.64,325.9,307.63,343.28,348.19,354.56,303.94,312,327.98,341.8,320.73,322.82,330.37,349.23,320.69,315.49,355.25,360.07,461.21,410.55,405.26,387.23,368.6,367.51,351.7,369.1,362.24,346.68,331.05,366.32,361.86,383.33,367.17,361.41,337.79,307.65,289.68,273.77,266.36,365.5,448.09,380.12,382.81,404.63,407.76,469.77,427.48,427.03,377.36,336.99,389.88,374.07,342.78,369.95,365.29,352.09,360.33,362.59,360.32,341.31,335.26,356.79,367.72,368.54,395.36,293.68,352,339.41,318.85,260.47,314.48,278.25,311,324.01,305.62,273.46,245.32,288.21,293.24,270.86,237.79,272.5,293.03,254.64,260.68,292.36,283.86,290.24,249.44,248.99,253.79,280.02,269.24,288.67,270.67,266.2,264.5,280.07,6
3066.5,3017.9,2973.5,2656.4,2352,2462.5,2395.7,2477.5,2739.1,2392.5,2493.7,2438.6,2443.4,2240.7,1846.5,2132.3,2311.9,1988.4,2293.1,2535.1,2151.6,2613.4,2126.4,2088.2,2181.1,2106.4,2209,2051.8,1974.1,1914.3,2390,1766.4,2025.3,2038.1,1814.4,2349.6,2408.8,2366.3,2440.5,3022.7,2387.2,2440.6,2502.1,2073.6,2354.3,2807.4,2680.6,2925.4,2541.3,2566.3,2478.9,2439.7,2401.1,2595,2482.7,6121.5,7417.9,7419.3,18135,11872,8624.5,7380,5363.4,4520.5,3927.2,3474.2,3214.7,2776.2,2763.8,2721.2,2885.4,2648.8,2685.5,2495.4,2539.3,2431,2205.3,2190.2,1826.3,2498.5,2437.2,3092.1,2332.8,2463.2,2847.4,2185.2,2525.6,2371.9,2747.8,2389.4,2429.7,2414.3,2449.7,2390,2233.4,2167.4,1939.7,2027.8,2235.5,2209.4,2189.7,2002.8,2208.7,1952.3,2393.2,1814.1,2102.5,1936,1903.7,2121,1840.2,2034,2350.1,2052.9,2232.9,1587.7,1899,2070.8,2118.6,1865.8,2008.3,2486.6,2023.2,1698,1497.7,2257.7,4545.3,16662,17684,18766,22820,29183,12250,31596,32912,21558,22797,25155,19345,20333,17301,29309,28728,19693,14547,10269,7025.1,5534.3,3968.5,3701.9,3372.9,3443.6,3365.9,2627.4,3058.5,2698.3,2695.4,2453.3,2821,2269.9,2439.8,2781.5,2241.7,2515.2,2423.6,2344.7,2191.9,2140.9,2114.1,2063.5,1928.8,1854.6,1947.4,2275.7,2717.8,2378.4,1846.3,2244.8,2106.7,4813.8,8990.3,7858.2,21671,12816,8660.8,6470.8,5765.5,3969.3,4162.3,3621.9,3099.3,3068.4,2629.3,2376.5,2211.4,2195.6,2253.2,2148,2286.9,2109.8,2400,1992.2,2177.1,2195.3,2446.6,2413.4,1983.2,2068,2130.6,2045.5,2337.6,2232.2,2337.4,2158.9,2444.1,2254.1,2366.4,2548.5,1871.5,2806.7,2617.4,2621.2,2395,2437.6,2909.3,2175.9,2610.6,2465.6,2230.3,2155.5,2487.8,2335.5,2271.3,2467.8,2140.1,2433.5,2038.7,2016.5,2008.6,2222,2007.6,1942.1,2016.8,2140.1,2041.2,1856.3,2005.4,1953.4,4554.6,6209.1,4881.1,9500.1,12042,6877.4,7813.6,11035,7975.5,9331.2,13623,9152.6,7772.7,7708,9687.1,8324.4,6669.3,5206.7,4744.8,3651.8,3084.6,3522.2,3126,2833.6,3179.2,2581.8,2729.5,2386.1,2096.6,2407.7,2124.6,2272.6,1843.4,1932.8,2168.4,2075,2306.4,2400,1954.8,2340.8,2298.5,1935.7,3612.6,13884,11909,20194,30706,22888,25948,19991,19378,23098,6
675.73,688.23,653.85,666.72,610.69,691.71,642.29,684.92,718.13,621.38,721.58,677.07,663.31,699.79,642.62,743.05,558.03,583.18,621.29,657.2,591.66,671.69,702.56,678.94,708.28,659.53,722.14,663.5,572.65,639.52,610.49,718.32,635.57,646.04,606.58,591.36,680.37,633.36,667.49,617.61,679.06,649.5,648.23,596.65,588.05,632.91,627.3,665.38,565.77,653.35,609.83,558.24,535,564.02,600.36,630.67,634.29,665.1,627.21,698.23,569.85,679.23,593.34,619.68,647.43,539.09,694.84,612.44,671.11,594.12,582.35,559.33,619.92,688.6,635.57,692.46,577.61,525.72,550.87,685.4,565.22,592.55,568.04,561.07,612.16,719.15,655.2,571.69,723.93,617.22,656.76,610.52,596.23,642.13,704.77,732.92,590.2,740.03,612.69,615.62,587.2,656.61,684.54,639.3,606.97,658.74,642.63,652.45,626.45,639.95,660.55,703.02,617.79,659.49,631.61,643.01,758.57,646.41,737.08,636.95,630.74,608.72,634.04,700.31,622.77,688.12,574.92,570.25,542.92,656.8,689.19,631.34,656.66,628.85,681.46,558.15,608.66,580.55,601.51,670.42,595.56,651.99,661.88,734.26,720.94,681.18,636.51,582.53,645.6,677.61,646.05,653.5,526.82,670.22,643.38,664.85,595.79,652.4,650.13,604.4,677.31,564.88,674.34,604.49,680.29,676.54,597.61,668.38,580.51,645.32,700.66,668.43,662.22,606.29,639.74,557.9,707.63,613.39,632.43,666.16,608.08,655.98,591.45,669.72,596.02,608.49,724.23,663.95,543.08,661.31,633.28,663.6,1118.3,3414.1,2333.6,5766.7,3868.7,2702.4,1866.1,2093.5,3460.6,14237,7217.4,3321.6,1318.5,1040.3,969.3,722.81,767.47,709.93,666.84,722.66,2236.1,6034,6429.2,8356.7,8068.2,10324,11947,12296,19272,23955,11662,4731.6,2023.8,1298.2,1311.7,1187.3,938.19,854.39,867.97,959.67,928.89,6296.3,7361.2,12713,7662.6,6155.1,5932.3,4446.3,7066.3,21675,22747,7327.8,2846.2,1690.1,1601.3,1358,1242.4,958.02,1211.9,1076.7,1040.4,3151.3,9969.7,10216,13577,9726.9,5960,7604.1,11793,23326,24325,11473,4637.7,2236,2080.6,1745.1,1544.2,1395.7,1130.4,1033.7,1173.2,1060.3,7345.3,7235.4,12912,5839.5,4309.6,4980.6,8032.9,21945,22963,13054,5332.6,2099.5,1691,1570.4,1245.9,1017.3,1122.4,957.87,1069.7,921.18,5523.8,9840,12500,9661.6,13041,11353,6
1062.9,963.3,901.48,952.53,874.28,850.99,928.26,735.55,807.51,724.16,765.78,763.16,662.99,683.21,661.83,644.16,726.49,672.74,664.82,739.95,754.34,766.05,789.4,723.83,709.95,791.59,2247,2031.9,4071,7123.9,5413.9,2446.7,1678.9,1182.9,993.14,959.61,897.27,3241.5,6685.5,5896.5,7354.6,8020.1,7086.9,5760.7,3796.6,2181.4,1573.1,1239,1128.5,1028.7,981.89,908.24,917.76,2576.1,7060,10800,8199.9,5510.5,4064.2,5162.2,7570,7416,5704.9,5936,5597.5,3577.3,2611.3,1544.2,1681.7,1382.7,1255,1139.2,1178.9,1161.3,1159.6,1187.6,7334.9,14787,19236,13784,10408,8275.5,6624.7,6001.8,6397.5,6673.1,7687.8,6933.3,4707.6,10686,11605,11574,9074,6560.6,4393,2975.9,2294.8,1984.5,1664.6,1700.4,1609.6,1978.4,1899.2,1900.6,1632.2,1750.4,2509.7,12773,12352,15248,15118,8848.4,7579,7564.8,6876.7,6291.8,6223.8,4607.8,9255.6,13871,17711,14610,10025,14105,13209,11062,8201,5518,4115.5,2386.2,2131.4,1784.6,1947,1982.4,1517.6,1580.9,1264.8,1189.1,1282.3,1253.7,1379.7,9844.8,8956.2,13799,13385,12463,10858,9985.1,9333.9,13575,20653,22706,15922,9673.6,11853,17516,15140,16824,15591,12413,7434.5,4485.6,3790,2255.8,2426.1,2223.4,2033.2,1980,1946.5,1692.3,1663.9,1396.5,1372.8,1257.5,1072,1210.1,1319.5,1324.6,1001.4,1087.2,1033.8,992.89,1022.8,917.88,1020.7,879.59,796.08,851.9,790.88,808.3,831.91,753.76,806.64,806.58,809.84,781.95,771.74,649.54,705.64,669.29,650.44,676.32,742.7,675.26,710.3,787.34,755.23,757.31,627.76,606.09,564.75,657.85,650.08,583.09,755.38,742.57,720.94,711.49,611.07,650.54,706.02,673.85,617.17,728.2,674.91,654.11,604.79,619.8,674.88,626.55,613.79,616.07,586.61,631.67,715.15,649.83,629.52,716.26,624.36,567.94,655.17,607.79,708.67,690.01,665.31,676.41,689.76,706.02,691.38,741.78,720.02,690.49,666.95,706.41,618.78,671.01,710.25,657.64,721.67,904.39,854.4,843.55,845.74,1019.6,837.21,842.28,668,618.41,707.5,584.57,602.74,739.99,635.11,672.54,702.89,671.44,601.85,641.52,617.6,726.89,674.66,855.18,857.32,727.57,670.85,733.76,784.61,705.35,764.83,1057,956.46,905.13,1041.2,959.92,906.69,986.25,822.72,834.22,938.15,915.64,6
